Rec No;Long Gate Name;Description;Groups;Rec;Rate;DDE; DDE I/A;App;Topic;Item;Source;VPI;Address;Sample;Rate;Compound I/A;K1;Gate1;Op;K2;Gate2;Type;Fmt;Tol/Fil/Len;X1;X2;Y1;Y2;Low;High;RO;ODBC;Local;Lock;LockDef;Replay;TagMapper;StartupDef;StartupHis;StartupRetain;MultiState;LockValue;StatusTag;UnlockTime;LoAlarm;LoLoAlarm;HiAlarm;HiHiAlarm;RocAlarm;DevAlarm;StartupValue;MultiStateID;Gate Name;ExportToCoDeSys;VarName;IO;Address;Sampling;NoSampling;Retain;ReadOnly;InitBy
1465;072HH01B06_001D1;Expans-Anl.1 Niveau Waermeerzg;19bc16d;C;;N;;;;;PLC;3;001:7201_72_BN_31;N;;;;;;;;D; ;0;;;;;;;N;N;N;N;N;N;N;N;N;N;N;0;;-1;-1;-1;-1;-1;-1;-1;0;0;072HH01B06_001D1;0;;0;;0;0;0;0;0
1466;072HH01B06_001D2;Expans-Anl.1 Niveau Waermeerzg;19bc16d;C;;N;;;;;PLC;3;001:7201_65_BN_31;N;;;;;;;;D; ;0;;;;;;;N;N;N;N;N;N;N;N;N;N;N;0;;-1;-1;-1;-1;-1;-1;-1;0;0;072HH01B06_001D2;0;;0;;0;0;0;0;0
1467;072HH01B06_002D1;Expans-Anl.2 Niveau Waermeerzg;19bc16d;C;;N;;;;;PLC;3;001:7201_66_BN_31;N;;;;;;;;D; ;0;;;;;;;N;N;N;N;N;N;N;N;N;N;N;0;;-1;-1;-1;-1;-1;-1;-1;0;0;072HH01B06_002D1;0;;0;;0;0;0;0;0
1468;072HH01B06_002D2;Expans-Anl.2 Niveau Waermeerzg;19bc16d;C;;N;;;;;PLC;3;001:7201_68_BN_31;N;;;;;;;;D; ;0;;;;;;;N;N;N;N;N;N;N;N;N;N;N;0;;-1;-1;-1;-1;-1;-1;-1;0;0;072HH01B06_002D2;0;;0;;0;0;0;0;0
1469;072HH01E01_001D1;HW Schalter Allg WT1+2;19bc16d;C;;N;;;;;PLC;3;001:7201_97_DO;N;;;;;;;;A;U;0;0;1;0;1;1;0;N;N;N;N;N;N;N;N;N;N;N;0;;-1;-1;-1;-1;-1;-1;-1;0;0;072HH01E01_001D1;0;;0;;0;0;0;0;0
1470;072HH01E01_001H1;Pumpenwahl ab LS Wae 012____A;19bc16d;C;;N;;;;;PLC;3;001:7201_91_DO;N;;;;;;;;A;U;0;0;1;0;1;1;0;N;N;N;N;N;N;N;N;N;N;N;0;;-1;-1;-1;-1;-1;-1;-1;0;0;072HH01E01_001H1;0;;0;;0;0;0;0;0
1471;072HH01E05_001D1;Sich.Schalter PU 1 Waermeerzg;19bc16d;C;;N;;;;;PLC;3;001:7201_71_BN_31;N;;;;;;;;D; ;0;;;;;;;N;N;N;N;N;N;N;N;N;N;N;0;;-1;-1;-1;-1;-1;-1;-1;0;0;072HH01E05_001D1;0;;0;;0;0;0;0;0
1472;072HH01E05_002D1;Sich.Schalter PU 2 Waermeerzg;19bc16d;C;;N;;;;;PLC;3;001:7201_74_BN_31;N;;;;;;;;D; ;0;;;;;;;N;N;N;N;N;N;N;N;N;N;N;0;;-1;-1;-1;-1;-1;-1;-1;0;0;072HH01E05_002D1;0;;0;;0;0;0;0;0
1473;072HH01P05_001D1;Pumpe 1 Winter Waermeerzg;19bc16d;C;;N;;;;;PLC;3;001:7201_84_BI_31;N;;;;;;;;D; ;0;;;;;;;N;N;N;N;N;N;N;N;N;N;N;0;;-1;-1;-1;-1;-1;-1;-1;0;0;072HH01P05_001D1;0;;0;;0;0;0;0;0
1474;072HH01P05_001D1_ADD;Pumpe 1 Winter Waermeerzg_[h];19bc16d;C;;N;;;;;PLC;3;001:7201_84_HR;N;;;;;;;;A;F;0;0;1;0;1;1;0;N;N;N;N;N;N;N;N;N;N;N;0;;-1;-1;-1;-1;-1;-1;-1;0;0;072HH01P05_001D1_ADD;0;;0;;0;0;0;0;0
1475;072HH01P05_001D2;Pumpe 1 Winter Waermeerzg;19bc16d;C;;N;;;;;PLC;3;001:7201_80_BN_31;N;;;;;;;;D; ;0;;;;;;;N;N;N;N;N;N;N;N;N;N;N;0;;-1;-1;-1;-1;-1;-1;-1;0;0;072HH01P05_001D2;0;;0;;0;0;0;0;0
1476;072HH01P05_001S1;DO Sekundärpumpe 1 WiUmf;19bc16d;C;;N;;;;;PLC;3;001:7201_37_DO;N;;;;;;;;A;U;0;0;1;0;1;1;0;N;N;N;N;N;N;N;N;N;N;N;0;;-1;-1;-1;-1;-1;-1;-1;0;0;072HH01P05_001S1;0;;0;;0;0;0;0;0
1477;072HH01P05_001Z1;Pumpe 1 Winter Waermeerzg_[h];19bc16d;C;;N;;;;;PLC;3;001:7201_156_CI;N;;;;;;;;A;F;0;0;1;0;1;1;0;N;N;N;N;N;N;N;N;N;N;N;0;;-1;-1;-1;-1;-1;-1;-1;0;0;072HH01P05_001Z1;0;;0;;0;0;0;0;0
1478;072HH01P05_002D1;Pumpe 2 Sommer Waermeerzg;19bc16d;C;;N;;;;;PLC;3;001:7201_85_BI_31;N;;;;;;;;D; ;0;;;;;;;N;N;N;N;N;N;N;N;N;N;N;0;;-1;-1;-1;-1;-1;-1;-1;0;0;072HH01P05_002D1;0;;0;;0;0;0;0;0
1479;072HH01P05_002D1_ADD;Pumpe 2 Sommer Waermeerzg_[h];19bc16d;C;;N;;;;;PLC;3;001:7201_85_HR;N;;;;;;;;A;F;0;0;1;0;1;1;0;N;N;N;N;N;N;N;N;N;N;N;0;;-1;-1;-1;-1;-1;-1;-1;0;0;072HH01P05_002D1_ADD;0;;0;;0;0;0;0;0
1480;072HH01P05_002D2;Pumpe 2 Sommer Waermeerzg;19bc16d;C;;N;;;;;PLC;3;001:7201_73_BN_31;N;;;;;;;;D; ;0;;;;;;;N;N;N;N;N;N;N;N;N;N;N;0;;-1;-1;-1;-1;-1;-1;-1;0;0;072HH01P05_002D2;0;;0;;0;0;0;0;0
1481;072HH01P05_002S1;DO Sekundärpumpe 2 SoUmf;19bc16d;C;;N;;;;;PLC;3;001:7201_38_DO;N;;;;;;;;A;U;0;0;1;0;1;1;0;N;N;N;N;N;N;N;N;N;N;N;0;;-1;-1;-1;-1;-1;-1;-1;0;0;072HH01P05_002S1;0;;0;;0;0;0;0;0
1482;072HH01P05_002Z1;Pumpe 2 Sommer Waermeerzg_[h];19bc16d;C;;N;;;;;PLC;3;001:7201_157_CI;N;;;;;;;;A;F;0;0;1;0;1;1;0;N;N;N;N;N;N;N;N;N;N;N;0;;-1;-1;-1;-1;-1;-1;-1;0;0;072HH01P05_002Z1;0;;0;;0;0;0;0;0
1483;072HH01T01_001D1;VL-Temp Waechter Sek Umf 1;19bc16d;C;;N;;;;;PLC;3;001:7201_69_BN_31;N;;;;;;;;D; ;0;;;;;;;N;N;N;N;N;N;N;N;N;N;N;0;;-1;-1;-1;-1;-1;-1;-1;0;0;072HH01T01_001D1;0;;0;;0;0;0;0;0
1484;072HH01T02_001D1;VL-Temp Waechter Sek Umf 2;19bc16d;C;;N;;;;;PLC;3;001:7201_70_BN_31;N;;;;;;;;D; ;0;;;;;;;N;N;N;N;N;N;N;N;N;N;N;0;;-1;-1;-1;-1;-1;-1;-1;0;0;072HH01T02_001D1;0;;0;;0;0;0;0;0
1485;072HH01T03_001M1;AU-Temperatur Waermeerzg_[°C];19bc16d;C;;N;;;;;PLC;3;001:7201_0_AI;N;;;;;;;;A;F;0;0;1;0;1;1;0;N;N;N;N;N;N;N;N;N;N;N;0;;-1;-1;-1;-1;-1;-1;-1;0;0;072HH01T03_001M1;0;;0;;0;0;0;0;0
1486;072HH01T03_001W1;GW AUT PU1 Winter Waermeerzg_[°C];19bc16d;C;;N;;;;;PLC;3;001:7201_86_AO;N;;;;;;;;A;F;0;0;1;0;1;1;0;N;N;N;N;N;N;N;N;N;N;N;0;;-1;-1;-1;-1;-1;-1;-1;0;0;072HH01T03_001W1;0;;0;;0;0;0;0;0
1487;072HH01T04_001M1;VL-Temperatur Sek. Waermeerzg_[°C];19bc16d;C;;N;;;;;PLC;3;001:7201_1_AI;N;;;;;;;;A;F;0;0;1;0;1;1;0;N;N;N;N;N;N;N;N;N;N;N;0;;-1;-1;-1;-1;-1;-1;-1;0;0;072HH01T04_001M1;0;;0;;0;0;0;0;0
1488;072HH01T04_001W2;XSC VL-Temp Umformer_[°C];19bc16d;C;;N;;;;;PLC;3;001:7201_100_AI;N;;;;;;;;A;F;0;0;1;0;1;1;0;N;N;N;N;N;N;N;N;N;N;N;0;;-1;-1;-1;-1;-1;-1;-1;0;0;072HH01T04_001W2;0;;0;;0;0;0;0;0
1489;072HH01T04_001W3;SL VL Temperatur Umformer;19bc16d;C;;N;;;;;PLC;3;001:7201_92_AO;N;;;;;;;;A;F;0;0;1;0;1;1;0;N;N;N;N;N;N;N;N;N;N;N;0;;-1;-1;-1;-1;-1;-1;-1;0;0;072HH01T04_001W3;0;;0;;0;0;0;0;0
1490;072HH01T04_001W4;Fusspunkt VL Temp. Umformer_[°C];19bc16d;C;;N;;;;;PLC;3;001:7201_143_AO;N;;;;;;;;A;F;0;0;1;0;1;1;0;N;N;N;N;N;N;N;N;N;N;N;0;;-1;-1;-1;-1;-1;-1;-1;0;0;072HH01T04_001W4;0;;0;;0;0;0;0;0
1491;072HH01T04_001W5;VL Min Begrenzung Umformer_[°C];19bc16d;C;;N;;;;;PLC;3;001:7201_144_AO;N;;;;;;;;A;F;0;0;1;0;1;1;0;N;N;N;N;N;N;N;N;N;N;N;0;;-1;-1;-1;-1;-1;-1;-1;0;0;072HH01T04_001W5;0;;0;;0;0;0;0;0
1492;072HH01T04_001W6;VL Max Begrenzung Umformer_[°C];19bc16d;C;;N;;;;;PLC;3;001:7201_145_AO;N;;;;;;;;A;F;0;0;1;0;1;1;0;N;N;N;N;N;N;N;N;N;N;N;0;;-1;-1;-1;-1;-1;-1;-1;0;0;072HH01T04_001W6;0;;0;;0;0;0;0;0
1493;072HH01V01_001Y1;AO Regelventil Prim.1Umf 1_[%];19bc16d;C;;N;;;;;PLC;3;001:7201_22_AI;N;;;;;;;;A;F;0;0;1;0;1;1;0;N;N;N;N;N;N;N;N;N;N;N;0;;-1;-1;-1;-1;-1;-1;-1;0;0;072HH01V01_001Y1;0;;0;;0;0;0;0;0
1494;072HH01V01_001Y2;AO Regelventil Prim.1Umf 1_[%];19bc16d;C;;N;;;;;PLC;3;001:7201_22_NDA;I;10000;;;;;;;A;U;0;0;1;0;1;1;0;N;N;N;N;N;N;N;N;N;N;N;0;;-1;-1;-1;-1;-1;-1;-1;0;0;072HH01V01_001Y2;0;;0;;0;0;0;0;0
1495;072HH01V01_002Y1;AO Regelventil Prim.2Umf 1_[%];19bc16d;C;;N;;;;;PLC;3;001:7201_23_AI;N;;;;;;;;A;F;0;0;1;0;1;1;0;N;N;N;N;N;N;N;N;N;N;N;0;;-1;-1;-1;-1;-1;-1;-1;0;0;072HH01V01_002Y1;0;;0;;0;0;0;0;0
1496;072HH01V01_002Y2;AO Regelventil Prim.2Umf 1_[%];19bc16d;C;;N;;;;;PLC;3;001:7201_23_NDA;I;10000;;;;;;;A;U;0;0;1;0;1;1;0;N;N;N;N;N;N;N;N;N;N;N;0;;-1;-1;-1;-1;-1;-1;-1;0;0;072HH01V01_002Y2;0;;0;;0;0;0;0;0
1497;072HH01V02_001Y1;AO Regelventil Prim.1Umf 2_[%];19bc16d;C;;N;;;;;PLC;3;001:7201_26_AI;N;;;;;;;;A;F;0;0;1;0;1;1;0;N;N;N;N;N;N;N;N;N;N;N;0;;-1;-1;-1;-1;-1;-1;-1;0;0;072HH01V02_001Y1;0;;0;;0;0;0;0;0
1498;072HH01V02_001Y2;AO Regelventil Prim.1Umf 2_[%];19bc16d;C;;N;;;;;PLC;3;001:7201_26_NDA;I;10000;;;;;;;A;U;0;0;1;0;1;1;0;N;N;N;N;N;N;N;N;N;N;N;0;;-1;-1;-1;-1;-1;-1;-1;0;0;072HH01V02_001Y2;0;;0;;0;0;0;0;0
1499;072HH01V02_002Y1;AO Regelventil Prim.2Umf 2_[%];19bc16d;C;;N;;;;;PLC;3;001:7201_27_AI;N;;;;;;;;A;F;0;0;1;0;1;1;0;N;N;N;N;N;N;N;N;N;N;N;0;;-1;-1;-1;-1;-1;-1;-1;0;0;072HH01V02_002Y1;0;;0;;0;0;0;0;0
1500;072HH01V02_002Y2;AO Regelventil Prim.2Umf 2_[%];19bc16d;C;;N;;;;;PLC;3;001:7201_27_NDA;I;10000;;;;;;;A;U;0;0;1;0;1;1;0;N;N;N;N;N;N;N;N;N;N;N;0;;-1;-1;-1;-1;-1;-1;-1;0;0;072HH01V02_002Y2;0;;0;;0;0;0;0;0
1501;072HH02C01_001H1;Zeitbefehl HG Nord ( NR);19bc16d;C;;N;;;;;PLC;3;001:7201_94_DO;N;;;;;;;;A;U;0;0;1;0;1;1;0;N;N;N;N;N;N;N;N;N;N;N;0;;-1;-1;-1;-1;-1;-1;-1;0;0;072HH02C01_001H1;0;;0;;0;0;0;0;0
1502;072HH02E01_001H1;Betriebswahl HG Nord ( ANR0);19bc16d;C;;N;;;;;PLC;3;001:7201_95_DO;N;;;;;;;;A;U;0;0;1;0;1;1;0;N;N;N;N;N;N;N;N;N;N;N;0;;-1;-1;-1;-1;-1;-1;-1;0;0;072HH02E01_001H1;0;;0;;0;0;0;0;0
1503;072HH02P01_001D1;Pumpe HG Nord;19bc16d;C;;N;;;;;PLC;3;001:7201_89_BI_31;N;;;;;;;;D; ;0;;;;;;;N;N;N;N;N;N;N;N;N;N;N;0;;-1;-1;-1;-1;-1;-1;-1;0;0;072HH02P01_001D1;0;;0;;0;0;0;0;0
1504;072HH02P01_001D1_ADD;Pumpe HG Nord_[h];19bc16d;C;;N;;;;;PLC;3;001:7201_89_HR;N;;;;;;;;A;F;0;0;1;0;1;1;0;N;N;N;N;N;N;N;N;N;N;N;0;;-1;-1;-1;-1;-1;-1;-1;0;0;072HH02P01_001D1_ADD;0;;0;;0;0;0;0;0
1505;072HH02P01_001D2;Pumpe HG Nord;19bc16d;C;;N;;;;;PLC;3;001:7201_78_BN_31;N;;;;;;;;D; ;0;;;;;;;N;N;N;N;N;N;N;N;N;N;N;0;;-1;-1;-1;-1;-1;-1;-1;0;0;072HH02P01_001D2;0;;0;;0;0;0;0;0
1506;072HH02P01_001H1;Pumpenschalter HG Nord (0A1)_[h];19bc16d;C;;N;;;;;PLC;3;001:7201_96_DO;N;;;;;;;;A;U;0;0;1;0;1;1;0;N;N;N;N;N;N;N;N;N;N;N;0;;-1;-1;-1;-1;-1;-1;-1;0;0;072HH02P01_001H1;0;;0;;0;0;0;0;0
1507;072HH02P01_001S1;DO Pumpe HG Nord;19bc16d;C;;N;;;;;PLC;3;001:7201_40_DO;N;;;;;;;;A;U;0;0;1;0;1;1;0;N;N;N;N;N;N;N;N;N;N;N;0;;-1;-1;-1;-1;-1;-1;-1;0;0;072HH02P01_001S1;0;;0;;0;0;0;0;0
1508;072HH02P01_001Z1;Pumpe HG Nord_[h];19bc16d;C;;N;;;;;PLC;3;001:7201_159_CI;N;;;;;;;;A;F;0;0;1;0;1;1;0;N;N;N;N;N;N;N;N;N;N;N;0;;-1;-1;-1;-1;-1;-1;-1;0;0;072HH02P01_001Z1;0;;0;;0;0;0;0;0
1509;072HH02T01_001M1;VL-Temperatur HG Nord_[°C];19bc16d;C;;N;;;;;PLC;3;001:7201_2_AI;N;;;;;;;;A;F;0;0;1;0;1;1;0;N;N;N;N;N;N;N;N;N;N;N;0;;-1;-1;-1;-1;-1;-1;-1;0;0;072HH02T01_001M1;0;;0;;0;0;0;0;0
1510;072HH02T01_001W1;XS Raumtemp Tag HG Nord_[°C];19bc16d;C;;N;;;;;PLC;3;001:7201_120_AO;N;;;;;;;;A;F;0;0;1;0;1;1;0;N;N;N;N;N;N;N;N;N;N;N;0;;-1;-1;-1;-1;-1;-1;-1;0;0;072HH02T01_001W1;0;;0;;0;0;0;0;0
1511;072HH02T01_001W2;SL Heizkurve HG Nord;19bc16d;C;;N;;;;;PLC;3;001:7201_98_AO;N;;;;;;;;A;F;0;0;1;0;1;1;0;N;N;N;N;N;N;N;N;N;N;N;0;;-1;-1;-1;-1;-1;-1;-1;0;0;072HH02T01_001W2;0;;0;;0;0;0;0;0
1512;072HH02T01_001W3;XSC VL-Temp HG Nord_[°C];19bc16d;C;;N;;;;;PLC;3;001:7201_124_AI;N;;;;;;;;A;F;0;0;1;0;1;1;0;N;N;N;N;N;N;N;N;N;N;N;0;;-1;-1;-1;-1;-1;-1;-1;0;0;072HH02T01_001W3;0;;0;;0;0;0;0;0
1513;072HH02T01_001W4;XS Raumtemp Red HG Nord_[°C];19bc16d;C;;N;;;;;PLC;3;001:7201_121_AO;N;;;;;;;;A;F;0;0;1;0;1;1;0;N;N;N;N;N;N;N;N;N;N;N;0;;-1;-1;-1;-1;-1;-1;-1;0;0;072HH02T01_001W4;0;;0;;0;0;0;0;0
1514;072HH02T01_001W5;XS Heizgrenze HG Nord_[°C];19bc16d;C;;N;;;;;PLC;3;001:7201_122_AO;N;;;;;;;;A;F;0;0;1;0;1;1;0;N;N;N;N;N;N;N;N;N;N;N;0;;-1;-1;-1;-1;-1;-1;-1;0;0;072HH02T01_001W5;0;;0;;0;0;0;0;0
1515;072HH02T01_001W6;Min Grenzwert VL TempHG Nord_[°C];19bc16d;C;;N;;;;;PLC;3;001:7201_112_AO;N;;;;;;;;A;F;0;0;1;0;1;1;0;N;N;N;N;N;N;N;N;N;N;N;0;;-1;-1;-1;-1;-1;-1;-1;0;0;072HH02T01_001W6;0;;0;;0;0;0;0;0
1516;072HH02T01_001W7;Max Grenzwert VL TempHG Nord_[°C];19bc16d;C;;N;;;;;PLC;3;001:7201_113_AO;N;;;;;;;;A;F;0;0;1;0;1;1;0;N;N;N;N;N;N;N;N;N;N;N;0;;-1;-1;-1;-1;-1;-1;-1;0;0;072HH02T01_001W7;0;;0;;0;0;0;0;0
1517;072HH02T01_001W8;MW Aussentemp HG Nord_[°C];19bc16d;C;;N;;;;;PLC;3;001:7201_123_AI;N;;;;;;;;A;F;0;0;1;0;1;1;0;N;N;N;N;N;N;N;N;N;N;N;0;;-1;-1;-1;-1;-1;-1;-1;0;0;072HH02T01_001W8;0;;0;;0;0;0;0;0
1518;072HH02V01_001Y1;AO Regelventil HG Nord_[%];19bc16d;C;;N;;;;;PLC;3;001:7201_28_AI;N;;;;;;;;A;F;0;0;1;0;1;1;0;N;N;N;N;N;N;N;N;N;N;N;0;;-1;-1;-1;-1;-1;-1;-1;0;0;072HH02V01_001Y1;0;;0;;0;0;0;0;0
1519;072HH02V01_001Y2;AO Regelventil HG Nord_[%];19bc16d;C;;N;;;;;PLC;3;001:7201_28_NDA;I;10000;;;;;;;A;U;0;0;1;0;1;1;0;N;N;N;N;N;N;N;N;N;N;N;0;;-1;-1;-1;-1;-1;-1;-1;0;0;072HH02V01_001Y2;0;;0;;0;0;0;0;0
1520;072HH03C01_001H1;Zeitbefehl HG Ost ( NR);19bc16d;C;;N;;;;;PLC;3;001:7201_114_DO;N;;;;;;;;A;U;0;0;1;0;1;1;0;N;N;N;N;N;N;N;N;N;N;N;0;;-1;-1;-1;-1;-1;-1;-1;0;0;072HH03C01_001H1;0;;0;;0;0;0;0;0
1521;072HH03E01_001H1;Betriebswahl HG Ost ( ANR0);19bc16d;C;;N;;;;;PLC;3;001:7201_115_DO;N;;;;;;;;A;U;0;0;1;0;1;1;0;N;N;N;N;N;N;N;N;N;N;N;0;;-1;-1;-1;-1;-1;-1;-1;0;0;072HH03E01_001H1;0;;0;;0;0;0;0;0
1522;072HH03P01_001D1;Pumpe HG Ost;19bc16d;C;;N;;;;;PLC;3;001:7201_90_BI_31;N;;;;;;;;D; ;0;;;;;;;N;N;N;N;N;N;N;N;N;N;N;0;;-1;-1;-1;-1;-1;-1;-1;0;0;072HH03P01_001D1;0;;0;;0;0;0;0;0
1523;072HH03P01_001D1_ADD;Pumpe HG Ost_[h];19bc16d;C;;N;;;;;PLC;3;001:7201_90_HR;N;;;;;;;;A;F;0;0;1;0;1;1;0;N;N;N;N;N;N;N;N;N;N;N;0;;-1;-1;-1;-1;-1;-1;-1;0;0;072HH03P01_001D1_ADD;0;;0;;0;0;0;0;0
1524;072HH03P01_001D2;Pumpe HG Ost;19bc16d;C;;N;;;;;PLC;3;001:7201_79_BN_31;N;;;;;;;;D; ;0;;;;;;;N;N;N;N;N;N;N;N;N;N;N;0;;-1;-1;-1;-1;-1;-1;-1;0;0;072HH03P01_001D2;0;;0;;0;0;0;0;0
1525;072HH03P01_001H1;Pumpenschalter HG Ost (0A1);19bc16d;C;;N;;;;;PLC;3;001:7201_103_DO;N;;;;;;;;A;U;0;0;1;0;1;1;0;N;N;N;N;N;N;N;N;N;N;N;0;;-1;-1;-1;-1;-1;-1;-1;0;0;072HH03P01_001H1;0;;0;;0;0;0;0;0
1526;072HH03P01_001S1;DO Pumpe HG Ost;19bc16d;C;;N;;;;;PLC;3;001:7201_41_DO;N;;;;;;;;A;U;0;0;1;0;1;1;0;N;N;N;N;N;N;N;N;N;N;N;0;;-1;-1;-1;-1;-1;-1;-1;0;0;072HH03P01_001S1;0;;0;;0;0;0;0;0
1527;072HH03P01_001Z1;Pumpe HG Ost_[h];19bc16d;C;;N;;;;;PLC;3;001:7201_160_CI;N;;;;;;;;A;F;0;0;1;0;1;1;0;N;N;N;N;N;N;N;N;N;N;N;0;;-1;-1;-1;-1;-1;-1;-1;0;0;072HH03P01_001Z1;0;;0;;0;0;0;0;0
1528;072HH03T01_001M1;VL-Temperatur HG Ost_[°C];19bc16d;C;;N;;;;;PLC;3;001:7201_3_AI;N;;;;;;;;A;F;0;0;1;0;1;1;0;N;N;N;N;N;N;N;N;N;N;N;0;;-1;-1;-1;-1;-1;-1;-1;0;0;072HH03T01_001M1;0;;0;;0;0;0;0;0
1529;072HH03T01_001W1;XS Raumtemp Tag HG Ost_[°C];19bc16d;C;;N;;;;;PLC;3;001:7201_118_AO;N;;;;;;;;A;F;0;0;1;0;1;1;0;N;N;N;N;N;N;N;N;N;N;N;0;;-1;-1;-1;-1;-1;-1;-1;0;0;072HH03T01_001W1;0;;0;;0;0;0;0;0
1530;072HH03T01_001W2;SL Heizkurve HG Ost;19bc16d;C;;N;;;;;PLC;3;001:7201_117_AO;N;;;;;;;;A;F;0;0;1;0;1;1;0;N;N;N;N;N;N;N;N;N;N;N;0;;-1;-1;-1;-1;-1;-1;-1;0;0;072HH03T01_001W2;0;;0;;0;0;0;0;0
1531;072HH03T01_001W3;XSC VL-Temp HG Ost_[°C];19bc16d;C;;N;;;;;PLC;3;001:7201_130_AI;N;;;;;;;;A;F;0;0;1;0;1;1;0;N;N;N;N;N;N;N;N;N;N;N;0;;-1;-1;-1;-1;-1;-1;-1;0;0;072HH03T01_001W3;0;;0;;0;0;0;0;0
1532;072HH03T01_001W4;XS Raumtemp Red HG Ost_[°C];19bc16d;C;;N;;;;;PLC;3;001:7201_125_AO;N;;;;;;;;A;F;0;0;1;0;1;1;0;N;N;N;N;N;N;N;N;N;N;N;0;;-1;-1;-1;-1;-1;-1;-1;0;0;072HH03T01_001W4;0;;0;;0;0;0;0;0
1533;072HH03T01_001W5;XS Heizgrenze HG Ost_[°C];19bc16d;C;;N;;;;;PLC;3;001:7201_126_AO;N;;;;;;;;A;F;0;0;1;0;1;1;0;N;N;N;N;N;N;N;N;N;N;N;0;;-1;-1;-1;-1;-1;-1;-1;0;0;072HH03T01_001W5;0;;0;;0;0;0;0;0
1534;072HH03T01_001W6;Min Grenzwert VL TempHG Ost_[°C];19bc16d;C;;N;;;;;PLC;3;001:7201_127_AO;N;;;;;;;;A;F;0;0;1;0;1;1;0;N;N;N;N;N;N;N;N;N;N;N;0;;-1;-1;-1;-1;-1;-1;-1;0;0;072HH03T01_001W6;0;;0;;0;0;0;0;0
1535;072HH03T01_001W7;Max Grenzwert VL TempHG Ost_[°C];19bc16d;C;;N;;;;;PLC;3;001:7201_128_AO;N;;;;;;;;A;F;0;0;1;0;1;1;0;N;N;N;N;N;N;N;N;N;N;N;0;;-1;-1;-1;-1;-1;-1;-1;0;0;072HH03T01_001W7;0;;0;;0;0;0;0;0
1536;072HH03T01_001W8;MW Aussentemp HG Ost_[°C];19bc16d;C;;N;;;;;PLC;3;001:7201_129_AI;N;;;;;;;;A;F;0;0;1;0;1;1;0;N;N;N;N;N;N;N;N;N;N;N;0;;-1;-1;-1;-1;-1;-1;-1;0;0;072HH03T01_001W8;0;;0;;0;0;0;0;0
1537;072HH03V01_001Y1;AO Regelventil HG Ost_[%];19bc16d;C;;N;;;;;PLC;3;001:7201_29_AI;N;;;;;;;;A;F;0;0;1;0;1;1;0;N;N;N;N;N;N;N;N;N;N;N;0;;-1;-1;-1;-1;-1;-1;-1;0;0;072HH03V01_001Y1;0;;0;;0;0;0;0;0
1538;072HH03V01_001Y2;AO Regelventil HG Ost_[%];19bc16d;C;;N;;;;;PLC;3;001:7201_29_NDA;I;10000;;;;;;;A;U;0;0;1;0;1;1;0;N;N;N;N;N;N;N;N;N;N;N;0;;-1;-1;-1;-1;-1;-1;-1;0;0;072HH03V01_001Y2;0;;0;;0;0;0;0;0
1539;072HH04C01_001H1;Zeitbefehl HG Sued ( NR);19bc16d;C;;N;;;;;PLC;3;001:7201_142_DO;N;;;;;;;;A;U;0;0;1;0;1;1;0;N;N;N;N;N;N;N;N;N;N;N;0;;-1;-1;-1;-1;-1;-1;-1;0;0;072HH04C01_001H1;0;;0;;0;0;0;0;0
1540;072HH04E01_001H1;Betriebswahl HG Sued ( ANR0);19bc16d;C;;N;;;;;PLC;3;001:7201_146_DO;N;;;;;;;;A;U;0;0;1;0;1;1;0;N;N;N;N;N;N;N;N;N;N;N;0;;-1;-1;-1;-1;-1;-1;-1;0;0;072HH04E01_001H1;0;;0;;0;0;0;0;0
1541;072HH04P01_001D1;Pumpe HG Sued;19bc16d;C;;N;;;;;PLC;3;001:7201_101_BI_31;N;;;;;;;;D; ;0;;;;;;;N;N;N;N;N;N;N;N;N;N;N;0;;-1;-1;-1;-1;-1;-1;-1;0;0;072HH04P01_001D1;0;;0;;0;0;0;0;0
1542;072HH04P01_001D1_ADD;Pumpe HG Sued_[h];19bc16d;C;;N;;;;;PLC;3;001:7201_101_HR;N;;;;;;;;A;F;0;0;1;0;1;1;0;N;N;N;N;N;N;N;N;N;N;N;0;;-1;-1;-1;-1;-1;-1;-1;0;0;072HH04P01_001D1_ADD;0;;0;;0;0;0;0;0
1543;072HH04P01_001D2;Pumpe HG Sued;19bc16d;C;;N;;;;;PLC;3;001:7201_82_BN_31;N;;;;;;;;D; ;0;;;;;;;N;N;N;N;N;N;N;N;N;N;N;0;;-1;-1;-1;-1;-1;-1;-1;0;0;072HH04P01_001D2;0;;0;;0;0;0;0;0
1544;072HH04P01_001H1;Pumpenschalter HG Sued (0A1)_[h];19bc16d;C;;N;;;;;PLC;3;001:7201_133_DO;N;;;;;;;;A;U;0;0;1;0;1;1;0;N;N;N;N;N;N;N;N;N;N;N;0;;-1;-1;-1;-1;-1;-1;-1;0;0;072HH04P01_001H1;0;;0;;0;0;0;0;0
1545;072HH04P01_001S1;DO Pumpe HG Sued;19bc16d;C;;N;;;;;PLC;3;001:7201_43_DO;N;;;;;;;;A;U;0;0;1;0;1;1;0;N;N;N;N;N;N;N;N;N;N;N;0;;-1;-1;-1;-1;-1;-1;-1;0;0;072HH04P01_001S1;0;;0;;0;0;0;0;0
1546;072HH04P01_001Z1;Pumpe HG Sued_[h];19bc16d;C;;N;;;;;PLC;3;001:7201_162_CI;N;;;;;;;;A;F;0;0;1;0;1;1;0;N;N;N;N;N;N;N;N;N;N;N;0;;-1;-1;-1;-1;-1;-1;-1;0;0;072HH04P01_001Z1;0;;0;;0;0;0;0;0
1547;072HH04T01_001M1;VL-Temperatur HG Sued_[°C];19bc16d;C;;N;;;;;PLC;3;001:7201_5_AI;N;;;;;;;;A;F;0;0;1;0;1;1;0;N;N;N;N;N;N;N;N;N;N;N;0;;-1;-1;-1;-1;-1;-1;-1;0;0;072HH04T01_001M1;0;;0;;0;0;0;0;0
1548;072HH04T01_001W1;XS Raumtemp Tag HG Sued_[°C];19bc16d;C;;N;;;;;PLC;3;001:7201_149_AO;N;;;;;;;;A;F;0;0;1;0;1;1;0;N;N;N;N;N;N;N;N;N;N;N;0;;-1;-1;-1;-1;-1;-1;-1;0;0;072HH04T01_001W1;0;;0;;0;0;0;0;0
1549;072HH04T01_001W2;SL Heizkurve HG Sued;19bc16d;C;;N;;;;;PLC;3;001:7201_148_AO;N;;;;;;;;A;F;0;0;1;0;1;1;0;N;N;N;N;N;N;N;N;N;N;N;0;;-1;-1;-1;-1;-1;-1;-1;0;0;072HH04T01_001W2;0;;0;;0;0;0;0;0
1550;072HH04T01_001W3;XSC VL-Temp HG Sued_[°C];19bc16d;C;;N;;;;;PLC;3;001:7201_155_AI;N;;;;;;;;A;F;0;0;1;0;1;1;0;N;N;N;N;N;N;N;N;N;N;N;0;;-1;-1;-1;-1;-1;-1;-1;0;0;072HH04T01_001W3;0;;0;;0;0;0;0;0
1551;072HH04T01_001W4;XS Raumtemp Red HG Sued_[°C];19bc16d;C;;N;;;;;PLC;3;001:7201_150_AO;N;;;;;;;;A;F;0;0;1;0;1;1;0;N;N;N;N;N;N;N;N;N;N;N;0;;-1;-1;-1;-1;-1;-1;-1;0;0;072HH04T01_001W4;0;;0;;0;0;0;0;0
1552;072HH04T01_001W5;XS Heizgrenze HG Sued_[°C];19bc16d;C;;N;;;;;PLC;3;001:7201_151_AO;N;;;;;;;;A;F;0;0;1;0;1;1;0;N;N;N;N;N;N;N;N;N;N;N;0;;-1;-1;-1;-1;-1;-1;-1;0;0;072HH04T01_001W5;0;;0;;0;0;0;0;0
1553;072HH04T01_001W6;Min Grenzwert VL TempHG Sued_[°C];19bc16d;C;;N;;;;;PLC;3;001:7201_152_AO;N;;;;;;;;A;F;0;0;1;0;1;1;0;N;N;N;N;N;N;N;N;N;N;N;0;;-1;-1;-1;-1;-1;-1;-1;0;0;072HH04T01_001W6;0;;0;;0;0;0;0;0
1554;072HH04T01_001W7;Max Grenzwert VL TempHG Sued_[°C];19bc16d;C;;N;;;;;PLC;3;001:7201_153_AO;N;;;;;;;;A;F;0;0;1;0;1;1;0;N;N;N;N;N;N;N;N;N;N;N;0;;-1;-1;-1;-1;-1;-1;-1;0;0;072HH04T01_001W7;0;;0;;0;0;0;0;0
1555;072HH04T01_001W8;MW Aussentemp HG Sued_[°C];19bc16d;C;;N;;;;;PLC;3;001:7201_154_AI;N;;;;;;;;A;F;0;0;1;0;1;1;0;N;N;N;N;N;N;N;N;N;N;N;0;;-1;-1;-1;-1;-1;-1;-1;0;0;072HH04T01_001W8;0;;0;;0;0;0;0;0
1556;072HH04V01_001Y1;AO Regelventil HG Sued_[%];19bc16d;C;;N;;;;;PLC;3;001:7201_31_AI;N;;;;;;;;A;F;0;0;1;0;1;1;0;N;N;N;N;N;N;N;N;N;N;N;0;;-1;-1;-1;-1;-1;-1;-1;0;0;072HH04V01_001Y1;0;;0;;0;0;0;0;0
1557;072HH04V01_001Y2;AO Regelventil HG Sued_[%];19bc16d;C;;N;;;;;PLC;3;001:7201_31_NDA;I;10000;;;;;;;A;U;0;0;1;0;1;1;0;N;N;N;N;N;N;N;N;N;N;N;0;;-1;-1;-1;-1;-1;-1;-1;0;0;072HH04V01_001Y2;0;;0;;0;0;0;0;0
1558;072HH05C01_001H1;Zeitbefehl HG West ( NR);19bc16d;C;;N;;;;;PLC;3;001:7201_131_DO;N;;;;;;;;A;U;0;0;1;0;1;1;0;N;N;N;N;N;N;N;N;N;N;N;0;;-1;-1;-1;-1;-1;-1;-1;0;0;072HH05C01_001H1;0;;0;;0;0;0;0;0
1559;072HH05E01_001H1;Betriebswahl HG West ( ANR0);19bc16d;C;;N;;;;;PLC;3;001:7201_132_DO;N;;;;;;;;A;U;0;0;1;0;1;1;0;N;N;N;N;N;N;N;N;N;N;N;0;;-1;-1;-1;-1;-1;-1;-1;0;0;072HH05E01_001H1;0;;0;;0;0;0;0;0
1560;072HH05P01_001D1;Pumpe HG West;19bc16d;C;;N;;;;;PLC;3;001:7201_119_BI_31;N;;;;;;;;D; ;0;;;;;;;N;N;N;N;N;N;N;N;N;N;N;0;;-1;-1;-1;-1;-1;-1;-1;0;0;072HH05P01_001D1;0;;0;;0;0;0;0;0
1561;072HH05P01_001D1_ADD;Pumpe HG West_[h];19bc16d;C;;N;;;;;PLC;3;001:7201_119_HR;N;;;;;;;;A;F;0;0;1;0;1;1;0;N;N;N;N;N;N;N;N;N;N;N;0;;-1;-1;-1;-1;-1;-1;-1;0;0;072HH05P01_001D1_ADD;0;;0;;0;0;0;0;0
1562;072HH05P01_001D2;Pumpe HG West;19bc16d;C;;N;;;;;PLC;3;001:7201_83_BN_31;N;;;;;;;;D; ;0;;;;;;;N;N;N;N;N;N;N;N;N;N;N;0;;-1;-1;-1;-1;-1;-1;-1;0;0;072HH05P01_001D2;0;;0;;0;0;0;0;0
1563;072HH05P01_001H1;Pumpenschalter HG West (0A1);19bc16d;C;;N;;;;;PLC;3;001:7201_116_DO;N;;;;;;;;A;U;0;0;1;0;1;1;0;N;N;N;N;N;N;N;N;N;N;N;0;;-1;-1;-1;-1;-1;-1;-1;0;0;072HH05P01_001H1;0;;0;;0;0;0;0;0
1564;072HH05P01_001Z1;Pumpe HG West_[h];19bc16d;C;;N;;;;;PLC;3;001:7201_161_CI;N;;;;;;;;A;F;0;0;1;0;1;1;0;N;N;N;N;N;N;N;N;N;N;N;0;;-1;-1;-1;-1;-1;-1;-1;0;0;072HH05P01_001Z1;0;;0;;0;0;0;0;0
1565;072HH05T01_001M1;VL-Temperatur HG West_[°C];19bc16d;C;;N;;;;;PLC;3;001:7201_4_AI;N;;;;;;;;A;F;0;0;1;0;1;1;0;N;N;N;N;N;N;N;N;N;N;N;0;;-1;-1;-1;-1;-1;-1;-1;0;0;072HH05T01_001M1;0;;0;;0;0;0;0;0
1566;072HH05T01_001W1;XS Raumtemp Tag HG West_[°C];19bc16d;C;;N;;;;;PLC;3;001:7201_135_AO;N;;;;;;;;A;F;0;0;1;0;1;1;0;N;N;N;N;N;N;N;N;N;N;N;0;;-1;-1;-1;-1;-1;-1;-1;0;0;072HH05T01_001W1;0;;0;;0;0;0;0;0
1567;072HH05T01_001W2;SL Heizkurve HG West;19bc16d;C;;N;;;;;PLC;3;001:7201_134_AO;N;;;;;;;;A;F;0;0;1;0;1;1;0;N;N;N;N;N;N;N;N;N;N;N;0;;-1;-1;-1;-1;-1;-1;-1;0;0;072HH05T01_001W2;0;;0;;0;0;0;0;0
1568;072HH05T01_001W3;XSC VL-Temp HG West_[°C];19bc16d;C;;N;;;;;PLC;3;001:7201_141_AI;N;;;;;;;;A;F;0;0;1;0;1;1;0;N;N;N;N;N;N;N;N;N;N;N;0;;-1;-1;-1;-1;-1;-1;-1;0;0;072HH05T01_001W3;0;;0;;0;0;0;0;0
1569;072HH05T01_001W4;XS Raumtemp Red HG West_[°C];19bc16d;C;;N;;;;;PLC;3;001:7201_136_AO;N;;;;;;;;A;F;0;0;1;0;1;1;0;N;N;N;N;N;N;N;N;N;N;N;0;;-1;-1;-1;-1;-1;-1;-1;0;0;072HH05T01_001W4;0;;0;;0;0;0;0;0
1570;072HH05T01_001W5;XS Heizgrenze HG West_[°C];19bc16d;C;;N;;;;;PLC;3;001:7201_137_AO;N;;;;;;;;A;F;0;0;1;0;1;1;0;N;N;N;N;N;N;N;N;N;N;N;0;;-1;-1;-1;-1;-1;-1;-1;0;0;072HH05T01_001W5;0;;0;;0;0;0;0;0
1571;072HH05T01_001W6;Min Grenzwert VL TempHG West_[°C];19bc16d;C;;N;;;;;PLC;3;001:7201_138_AO;N;;;;;;;;A;F;0;0;1;0;1;1;0;N;N;N;N;N;N;N;N;N;N;N;0;;-1;-1;-1;-1;-1;-1;-1;0;0;072HH05T01_001W6;0;;0;;0;0;0;0;0
1572;072HH05T01_001W7;Max Grenzwert VL TempHG West_[°C];19bc16d;C;;N;;;;;PLC;3;001:7201_139_AO;N;;;;;;;;A;F;0;0;1;0;1;1;0;N;N;N;N;N;N;N;N;N;N;N;0;;-1;-1;-1;-1;-1;-1;-1;0;0;072HH05T01_001W7;0;;0;;0;0;0;0;0
1573;072HH05T01_001W8;MW Aussentemp HG West_[°C];19bc16d;C;;N;;;;;PLC;3;001:7201_140_AI;N;;;;;;;;A;F;0;0;1;0;1;1;0;N;N;N;N;N;N;N;N;N;N;N;0;;-1;-1;-1;-1;-1;-1;-1;0;0;072HH05T01_001W8;0;;0;;0;0;0;0;0
1574;072HH05V01_001Y1;AO Regelventil HG West_[%];19bc16d;C;;N;;;;;PLC;3;001:7201_30_AI;N;;;;;;;;A;F;0;0;1;0;1;1;0;N;N;N;N;N;N;N;N;N;N;N;0;;-1;-1;-1;-1;-1;-1;-1;0;0;072HH05V01_001Y1;0;;0;;0;0;0;0;0
1575;072HH05V01_001Y2;AO Regelventil HG West_[%];19bc16d;C;;N;;;;;PLC;3;001:7201_30_NDA;I;10000;;;;;;;A;U;0;0;1;0;1;1;0;N;N;N;N;N;N;N;N;N;N;N;0;;-1;-1;-1;-1;-1;-1;-1;0;0;072HH05V01_001Y2;0;;0;;0;0;0;0;0
1576;072HH06C01_001H1;Zeitbefehl HG 1.UG ( NR);19bc16d;C;;N;;;;;PLC;3;001:7201_99_DO;N;;;;;;;;A;U;0;0;1;0;1;1;0;N;N;N;N;N;N;N;N;N;N;N;0;;-1;-1;-1;-1;-1;-1;-1;0;0;072HH06C01_001H1;0;;0;;0;0;0;0;0
1577;072HH06E01_001H1;Betriebswahl HG 1.UG ( ANR0);19bc16d;C;;N;;;;;PLC;3;001:7201_102_DO;N;;;;;;;;A;U;0;0;1;0;1;1;0;N;N;N;N;N;N;N;N;N;N;N;0;;-1;-1;-1;-1;-1;-1;-1;0;0;072HH06E01_001H1;0;;0;;0;0;0;0;0
1578;072HH06P01_001D1;Pumpe HG 1.UG;19bc16d;C;;N;;;;;PLC;3;001:7201_88_BI_31;N;;;;;;;;D; ;0;;;;;;;N;N;N;N;N;N;N;N;N;N;N;0;;-1;-1;-1;-1;-1;-1;-1;0;0;072HH06P01_001D1;0;;0;;0;0;0;0;0
1579;072HH06P01_001D1_ADD;Pumpe HG 1.UG_[h];19bc16d;C;;N;;;;;PLC;3;001:7201_88_HR;N;;;;;;;;A;F;0;0;1;0;1;1;0;N;N;N;N;N;N;N;N;N;N;N;0;;-1;-1;-1;-1;-1;-1;-1;0;0;072HH06P01_001D1_ADD;0;;0;;0;0;0;0;0
1580;072HH06P01_001D2;Pumpe HG 1.UG;19bc16d;C;;N;;;;;PLC;3;001:7201_77_BN_31;N;;;;;;;;D; ;0;;;;;;;N;N;N;N;N;N;N;N;N;N;N;0;;-1;-1;-1;-1;-1;-1;-1;0;0;072HH06P01_001D2;0;;0;;0;0;0;0;0
1581;072HH06P01_001H1;Pumpenschalter HG 1.UG (0A1)_[h];19bc16d;C;;N;;;;;PLC;3;001:7201_64_DO;N;;;;;;;;A;U;0;0;1;0;1;1;0;N;N;N;N;N;N;N;N;N;N;N;0;;-1;-1;-1;-1;-1;-1;-1;0;0;072HH06P01_001H1;0;;0;;0;0;0;0;0
1582;072HH06P01_001S1;DO Pumpe HG 1.UG;19bc16d;C;;N;;;;;PLC;3;001:7201_39_DO;N;;;;;;;;A;U;0;0;1;0;1;1;0;N;N;N;N;N;N;N;N;N;N;N;0;;-1;-1;-1;-1;-1;-1;-1;0;0;072HH06P01_001S1;0;;0;;0;0;0;0;0
1583;072HH06P01_001Z1;Pumpe HG 1.UG_[h];19bc16d;C;;N;;;;;PLC;3;001:7201_158_CI;N;;;;;;;;A;F;0;0;1;0;1;1;0;N;N;N;N;N;N;N;N;N;N;N;0;;-1;-1;-1;-1;-1;-1;-1;0;0;072HH06P01_001Z1;0;;0;;0;0;0;0;0
1584;072HH06T01_001M1;VL-Temperatur HG 1.UG_[°C];19bc16d;C;;N;;;;;PLC;3;001:7201_6_AI;N;;;;;;;;A;F;0;0;1;0;1;1;0;N;N;N;N;N;N;N;N;N;N;N;0;;-1;-1;-1;-1;-1;-1;-1;0;0;072HH06T01_001M1;0;;0;;0;0;0;0;0
1585;072HH06T01_001W1;XS Raumtemp Tag HG 1.UG_[°C];19bc16d;C;;N;;;;;PLC;3;001:7201_105_AO;N;;;;;;;;A;F;0;0;1;0;1;1;0;N;N;N;N;N;N;N;N;N;N;N;0;;-1;-1;-1;-1;-1;-1;-1;0;0;072HH06T01_001W1;0;;0;;0;0;0;0;0
1586;072HH06T01_001W2;SL Heizkurve HG 1.UG;19bc16d;C;;N;;;;;PLC;3;001:7201_104_AO;N;;;;;;;;A;F;0;0;1;0;1;1;0;N;N;N;N;N;N;N;N;N;N;N;0;;-1;-1;-1;-1;-1;-1;-1;0;0;072HH06T01_001W2;0;;0;;0;0;0;0;0
1587;072HH06T01_001W3;XSC VL-Temp HG 1.UG_[°C];19bc16d;C;;N;;;;;PLC;3;001:7201_111_AI;N;;;;;;;;A;F;0;0;1;0;1;1;0;N;N;N;N;N;N;N;N;N;N;N;0;;-1;-1;-1;-1;-1;-1;-1;0;0;072HH06T01_001W3;0;;0;;0;0;0;0;0
1588;072HH06T01_001W4;XS Raumtemp Red HG 1.UG_[°C];19bc16d;C;;N;;;;;PLC;3;001:7201_106_AO;N;;;;;;;;A;F;0;0;1;0;1;1;0;N;N;N;N;N;N;N;N;N;N;N;0;;-1;-1;-1;-1;-1;-1;-1;0;0;072HH06T01_001W4;0;;0;;0;0;0;0;0
1589;072HH06T01_001W5;XS Heizgrenze HG 1.UG_[°C];19bc16d;C;;N;;;;;PLC;3;001:7201_107_AO;N;;;;;;;;A;F;0;0;1;0;1;1;0;N;N;N;N;N;N;N;N;N;N;N;0;;-1;-1;-1;-1;-1;-1;-1;0;0;072HH06T01_001W5;0;;0;;0;0;0;0;0
1590;072HH06T01_001W6;Min Grenzwert VL TempHG 1.UG_[°C];19bc16d;C;;N;;;;;PLC;3;001:7201_108_AO;N;;;;;;;;A;F;0;0;1;0;1;1;0;N;N;N;N;N;N;N;N;N;N;N;0;;-1;-1;-1;-1;-1;-1;-1;0;0;072HH06T01_001W6;0;;0;;0;0;0;0;0
1591;072HH06T01_001W7;Max Grenzwert VL TempHG 1.UG_[°C];19bc16d;C;;N;;;;;PLC;3;001:7201_109_AO;N;;;;;;;;A;F;0;0;1;0;1;1;0;N;N;N;N;N;N;N;N;N;N;N;0;;-1;-1;-1;-1;-1;-1;-1;0;0;072HH06T01_001W7;0;;0;;0;0;0;0;0
1592;072HH06T01_001W8;MW Aussentemp HG 1.UG_[°C];19bc16d;C;;N;;;;;PLC;3;001:7201_110_AI;N;;;;;;;;A;F;0;0;1;0;1;1;0;N;N;N;N;N;N;N;N;N;N;N;0;;-1;-1;-1;-1;-1;-1;-1;0;0;072HH06T01_001W8;0;;0;;0;0;0;0;0
1593;072HH06V01_001Y1;AO Regelventil HG 1.UG_[%];19bc16d;C;;N;;;;;PLC;3;001:7201_24_AI;N;;;;;;;;A;F;0;0;1;0;1;1;0;N;N;N;N;N;N;N;N;N;N;N;0;;-1;-1;-1;-1;-1;-1;-1;0;0;072HH06V01_001Y1;0;;0;;0;0;0;0;0
1594;072HH06V01_001Y2;AO Regelventil HG 1.UG_[%];19bc16d;C;;N;;;;;PLC;3;001:7201_24_NDA;I;10000;;;;;;;A;U;0;0;1;0;1;1;0;N;N;N;N;N;N;N;N;N;N;N;0;;-1;-1;-1;-1;-1;-1;-1;0;0;072HH06V01_001Y2;0;;0;;0;0;0;0;0
1595;072SS01A01_001D1;Spannung Allgemein SGK Allg.;19bc16d;C;;N;;;;;PLC;3;001:7201_75_BN_31;N;;;;;;;;D; ;0;;;;;;;N;N;N;N;N;N;N;N;N;N;N;0;;-1;-1;-1;-1;-1;-1;-1;0;0;072SS01A01_001D1;0;;0;;0;0;0;0;0
1596;072SS01A01_002D1;Spannung Steuerung SGK Allg.;19bc16d;C;;N;;;;;PLC;3;001:7201_76_BN_31;N;;;;;;;;D; ;0;;;;;;;N;N;N;N;N;N;N;N;N;N;N;0;;-1;-1;-1;-1;-1;-1;-1;0;0;072SS01A01_002D1;0;;0;;0;0;0;0;0
1597;072SS01A01_003H1;Sammelalarm AS7201;19bc16d;C;;N;;;;;PLC;3;001:7201_81_BI_31;N;;;;;;;;D; ;0;;;;;;;N;N;N;N;N;N;N;N;N;N;N;0;;-1;-1;-1;-1;-1;-1;-1;0;0;072SS01A01_003H1;0;;0;;0;0;0;0;0
1598;072SS01A01_003S1;DO Sammelalarm AS7201SGK Allg;19bc16d;C;;N;;;;;PLC;3;001:7201_32_DO;N;;;;;;;;A;U;0;0;1;0;1;1;0;N;N;N;N;N;N;N;N;N;N;N;0;;-1;-1;-1;-1;-1;-1;-1;0;0;072SS01A01_003S1;0;;0;;0;0;0;0;0
1599;072SS01A01_004S1;DO Fernalarmierung A.Z.;19bc16d;C;;N;;;;;PLC;3;001:7201_33_DO;N;;;;;;;;A;U;0;0;1;0;1;1;0;N;N;N;N;N;N;N;N;N;N;N;0;;-1;-1;-1;-1;-1;-1;-1;0;0;072SS01A01_004S1;0;;0;;0;0;0;0;0
1600;072SS01A01_005S1;DO Quit.Sammelalarm SGK Allg.;19bc16d;C;;N;;;;;PLC;3;001:7201_34_DO;N;;;;;;;;A;U;0;0;1;0;1;1;0;N;N;N;N;N;N;N;N;N;N;N;0;;-1;-1;-1;-1;-1;-1;-1;0;0;072SS01A01_005S1;0;;0;;0;0;0;0;0
1602;072SS01A01_006S1;DO AS Ueberwachung SGK Allg;19bc16d;C;;N;;;;;PLC;3;001:7201_36_DO;N;;;;;;;;A;U;0;0;1;0;1;1;0;N;N;N;N;N;N;N;N;N;N;N;0;;-1;-1;-1;-1;-1;-1;-1;0;0;072SS01A01_006S1;0;;0;;0;0;0;0;0
1603;072SS01E01_001D1;HW Quittierung SA SGK Allgm.;19bc16d;C;;N;;;;;PLC;3;001:7201_163_DO;N;;;;;;;;A;U;0;0;1;0;1;1;0;N;N;N;N;N;N;N;N;N;N;N;0;;-1;-1;-1;-1;-1;-1;-1;0;0;072SS01E01_001D1;0;;0;;0;0;0;0;0
1604;072SS01E01_002H1;SW Quit. Sammelalarm SGK Allg.;19bc16d;C;;N;;;;;PLC;3;001:7201_67_DO;N;;;;;;;;A;U;0;0;1;0;1;1;0;N;N;N;N;N;N;N;N;N;N;N;0;;-1;-1;-1;-1;-1;-1;-1;0;0;072SS01E01_002H1;0;;0;;0;0;0;0;0
1605;072SS01L01_001S1;DO Hand-Not SGK Allg.;19bc16d;C;;N;;;;;PLC;3;001:7201_35_DO;N;;;;;;;;A;U;0;0;1;0;1;1;0;N;N;N;N;N;N;N;N;N;N;N;0;;-1;-1;-1;-1;-1;-1;-1;0;0;072SS01L01_001S1;0;;0;;0;0;0;0;0
1931;072HH05P01_001S1;DO Pumpe HG West;19bc16d;C;;N;;;;;PLC;3;001:7201_42_DO;N;;;;;;;;A;U;0;0;1;0;1;1;0;N;N;N;N;N;N;N;N;N;N;N;0;;-1;-1;-1;-1;-1;-1;-1;0;0;072HH05P01_001S1;0;;0;;0;0;0;0;0
1997;072SS01A01_003D1;Switch Ueberwachung VK3168 2.UG;19bc16d;C;;N;;;;;PLC;3;001:7201_87_BN_31;N;;;;;;;;D; ;0;;;;;;;N;N;N;N;N;N;N;N;N;N;N;0;;-1;-1;-1;-1;-1;-1;-1;0;0;072SS01A01_003D1;0;;0;;0;0;0;0;0
2239;072HL01A01_001D1;Spannung Steuerung Ausfall ZU-Anlage 1;19bc16d;C;;N;;;;;PLC;3;001:7210_121_BN_31;N;;;;;;;;D; ;0;;;;;;;N;N;N;N;N;N;N;N;N;N;N;0;;-1;-1;-1;-1;-1;-1;-1;0;0;072HL01A01_001D1;0;;0;;0;0;0;0;0
2240;072HL01A02_001S1;SO/WI zu Anlage 3164 ZU-Anlage 1;19bc16d;C;;N;;;;;PLC;3;001:7210_40_DO;N;;;;;;;;A;U;0;0;1;0;1;1;0;N;N;N;N;N;N;N;N;N;N;N;0;;-1;-1;-1;-1;-1;-1;-1;0;0;072HL01A02_001S1;0;;0;;0;0;0;0;0
2241;072HL01A03_001S1;Freigabe Befehl Anlage 3164 ZU-Anlage 1;19bc16d;C;;N;;;;;PLC;3;001:7210_41_DO;N;;;;;;;;A;U;0;0;1;0;1;1;0;N;N;N;N;N;N;N;N;N;N;N;0;;-1;-1;-1;-1;-1;-1;-1;0;0;072HL01A03_001S1;0;;0;;0;0;0;0;0
2242;072HL01A04_001S1;Frost zu 3164 ZU-Anlage 1;19bc16d;C;;N;;;;;PLC;3;001:7210_42_DO;N;;;;;;;;A;U;0;0;1;0;1;1;0;N;N;N;N;N;N;N;N;N;N;N;0;;-1;-1;-1;-1;-1;-1;-1;0;0;072HL01A04_001S1;0;;0;;0;0;0;0;0
2243;072HL01C01_001H1;ZP Befeuchtung ZU-Anlage 1 (01);19bc16d;C;;N;;;;;PLC;3;001:7210_215_DO;N;;;;;;;;A;U;0;0;1;0;1;1;0;N;N;N;N;N;N;N;N;N;N;N;0;;-1;-1;-1;-1;-1;-1;-1;0;0;072HL01C01_001H1;0;;0;;0;0;0;0;0
2244;072HL01C02_001W1;XS Y1 ZU-Temperatur NE ZU-Anlage 1_[°C];19bc16d;C;;N;;;;;PLC;3;001:7210_201_AO;N;;;;;;;;A;F;0;0;1;0;1;1;0;N;N;N;N;N;N;N;N;N;N;N;0;;-1;-1;-1;-1;-1;-1;-1;0;0;072HL01C02_001W1;0;;0;;0;0;0;0;0
2245;072HL01C02_001W2;XS Y2 ZU-Temperatur NE ZU-Anlage 1_[°C];19bc16d;C;;N;;;;;PLC;3;001:7210_202_AO;N;;;;;;;;A;F;0;0;1;0;1;1;0;N;N;N;N;N;N;N;N;N;N;N;0;;-1;-1;-1;-1;-1;-1;-1;0;0;072HL01C02_001W2;0;;0;;0;0;0;0;0
2246;072HL01C02_001W3;XS X1 ZU-Temperatur NE ZU-Anlage 1_[°C];19bc16d;C;;N;;;;;PLC;3;001:7210_203_AO;N;;;;;;;;A;F;0;0;1;0;1;1;0;N;N;N;N;N;N;N;N;N;N;N;0;;-1;-1;-1;-1;-1;-1;-1;0;0;072HL01C02_001W3;0;;0;;0;0;0;0;0
2247;072HL01C02_001W4;XS X2 ZU-Temperatur NE ZU-Anlage 1_[°C];19bc16d;C;;N;;;;;PLC;3;001:7210_204_AO;N;;;;;;;;A;F;0;0;1;0;1;1;0;N;N;N;N;N;N;N;N;N;N;N;0;;-1;-1;-1;-1;-1;-1;-1;0;0;072HL01C02_001W4;0;;0;;0;0;0;0;0
2248;072HL01C02_002W1;XS Y1 ZU-Temperatur LK ZU-Anlage 1_[°C];19bc16d;C;;N;;;;;PLC;3;001:7210_209_AO;N;;;;;;;;A;F;0;0;1;0;1;1;0;N;N;N;N;N;N;N;N;N;N;N;0;;-1;-1;-1;-1;-1;-1;-1;0;0;072HL01C02_002W1;0;;0;;0;0;0;0;0
2249;072HL01C02_002W2;XS Y2 ZU-Temperatur LK ZU-Anlage 1_[°C];19bc16d;C;;N;;;;;PLC;3;001:7210_210_AO;N;;;;;;;;A;F;0;0;1;0;1;1;0;N;N;N;N;N;N;N;N;N;N;N;0;;-1;-1;-1;-1;-1;-1;-1;0;0;072HL01C02_002W2;0;;0;;0;0;0;0;0
2250;072HL01C02_002W3;XS X1 ZU-Temperatur LK ZU-Anlage 1_[°C];19bc16d;C;;N;;;;;PLC;3;001:7210_211_AO;N;;;;;;;;A;F;0;0;1;0;1;1;0;N;N;N;N;N;N;N;N;N;N;N;0;;-1;-1;-1;-1;-1;-1;-1;0;0;072HL01C02_002W3;0;;0;;0;0;0;0;0
2251;072HL01C02_002W4;XS X2 ZU-Temperatur LK ZU-Anlage 1_[°C];19bc16d;C;;N;;;;;PLC;3;001:7210_212_AO;N;;;;;;;;A;F;0;0;1;0;1;1;0;N;N;N;N;N;N;N;N;N;N;N;0;;-1;-1;-1;-1;-1;-1;-1;0;0;072HL01C02_002W4;0;;0;;0;0;0;0;0
2252;072HL01E01_001D1;Anlagenschalter ZU-Anlage 1 (0A1);19bc16d;C;;N;;;;;PLC;3;001:7210_80_DO;N;;;;;;;;A;U;0;0;1;0;1;1;0;N;N;N;N;N;N;N;N;N;N;N;0;;-1;-1;-1;-1;-1;-1;-1;0;0;072HL01E01_001D1;0;;0;;0;0;0;0;0
2254;072HL01E01_001D2;Softschalter SO/WI ZU-Anlage 1 (SWA);19bc16d;C;;N;;;;;PLC;3;001:7210_82_DO;N;;;;;;;;A;U;0;0;1;0;1;1;0;N;N;N;N;N;N;N;N;N;N;N;0;;-1;-1;-1;-1;-1;-1;-1;0;0;072HL01E01_001D2;0;;0;;0;0;0;0;0
2255;072HL01E01_001H1;Softschalter ZU-Anlage 1 (0A1);19bc16d;C;;N;;;;;PLC;3;001:7210_79_DO;N;;;;;;;;A;U;0;0;1;0;1;1;0;N;N;N;N;N;N;N;N;N;N;N;0;;-1;-1;-1;-1;-1;-1;-1;0;0;072HL01E01_001H1;0;;0;;0;0;0;0;0
2256;072HL01E01_001H2;Zeitprogramm Lueftung Zu-Anlage 1 (01);19bc16d;C;;N;;;;;PLC;3;001:7210_78_DO;N;;;;;;;;A;U;0;0;1;0;1;1;0;N;N;N;N;N;N;N;N;N;N;N;0;;-1;-1;-1;-1;-1;-1;-1;0;0;072HL01E01_001H2;0;;0;;0;0;0;0;0
2257;072HL01E02_001D1;HW-Quittierung SA ZU-Anlage 1;19bc16d;C;;N;;;;;PLC;3;001:7210_137_BI_31;N;;;;;;;;D; ;0;;;;;;;N;N;N;N;N;N;N;N;N;N;N;0;;-1;-1;-1;-1;-1;-1;-1;0;0;072HL01E02_001D1;0;;0;;0;0;0;0;0
2258;072HL01E03_001D1;Brandalarm ZU-Anlage 1;19bc16d;C;;N;;;;;PLC;3;001:7210_136_BN_31;N;;;;;;;;D; ;0;;;;;;;N;N;N;N;N;N;N;N;N;N;N;0;;-1;-1;-1;-1;-1;-1;-1;0;0;072HL01E03_001D1;0;;0;;0;0;0;0;0
2259;072HL01E04_001S1;Betriebsmeldung Diverse Anlagen ZU-Anlage 1;19bc16d;C;;N;;;;;PLC;3;001:7210_38_DO;N;;;;;;;;A;U;0;0;1;0;1;1;0;N;N;N;N;N;N;N;N;N;N;N;0;;-1;-1;-1;-1;-1;-1;-1;0;0;072HL01E04_001S1;0;;0;;0;0;0;0;0
2260;072HL01E05_001H1;ZP Pumpenblockier ZU-Anlage 1 (01);19bc16d;C;;N;;;;;PLC;3;001:7210_200_DO;N;;;;;;;;A;U;0;0;1;0;1;1;0;N;N;N;N;N;N;N;N;N;N;N;0;;-1;-1;-1;-1;-1;-1;-1;0;0;072HL01E05_001H1;0;;0;;0;0;0;0;0
2261;072HL01E06_001S1;Stoermeldung zu LF 2.OG ZU-Anlage 1;19bc16d;C;;N;;;;;PLC;3;001:7210_39_DO;N;;;;;;;;A;U;0;0;1;0;1;1;0;N;N;N;N;N;N;N;N;N;N;N;0;;-1;-1;-1;-1;-1;-1;-1;0;0;072HL01E06_001S1;0;;0;;0;0;0;0;0
2262;072HL01E07_001D1;RM Betrieb Anlage 3164 ZU-Anlage 1;19bc16d;C;;N;;;;;PLC;3;001:7210_122_BI_31;N;;;;;;;;D; ;0;;;;;;;N;N;N;N;N;N;N;N;N;N;N;0;;-1;-1;-1;-1;-1;-1;-1;0;0;072HL01E07_001D1;0;;0;;0;0;0;0;0
2263;072HL01E08_001D1;RM Betrieb Anlage 3154 ZU-Anlage 1;19bc16d;C;;N;;;;;PLC;3;001:7210_123_BI_31;N;;;;;;;;D; ;0;;;;;;;N;N;N;N;N;N;N;N;N;N;N;0;;-1;-1;-1;-1;-1;-1;-1;0;0;072HL01E08_001D1;0;;0;;0;0;0;0;0
2264;072HL01F01_001D1;ZU-Drehzahlwaechter Stoerung ZU-Anlage 1;19bc16d;C;;N;;;;;PLC;3;001:7210_119_BN_31;N;;;;;;;;D; ;0;;;;;;;N;N;N;N;N;N;N;N;N;N;N;0;;-1;-1;-1;-1;-1;-1;-1;0;0;072HL01F01_001D1;0;;0;;0;0;0;0;0
2265;072HL01F01_001M1;ZU-Drehzahlwaechter ZU-Anlage 1_[Rpm];19bc16d;C;;N;;;;;PLC;3;001:7210_14_AI;N;;;;;;;;A;F;0;0;1;0;1;1;0;N;N;N;N;N;N;N;N;N;N;N;0;;-1;-1;-1;-1;-1;-1;-1;0;0;072HL01F01_001M1;0;;0;;0;0;0;0;0
2266;072HL01P01_001D1;NE-Pumpe ZU-Anlage 1;19bc16d;C;;N;;;;;PLC;3;001:7210_112_BI_31;N;;;;;;;;D; ;0;;;;;;;N;N;N;N;N;N;N;N;N;N;N;0;;-1;-1;-1;-1;-1;-1;-1;0;0;072HL01P01_001D1;0;;0;;0;0;0;0;0
2267;072HL01P01_001D1_ADD;NE-Pumpe ZU-Anlage 1_[Std.];19bc16d;C;;N;;;;;PLC;3;001:7210_112_HR;N;;;;;;;;A;F;0;0;1;0;1;1;0;N;N;N;N;N;N;N;N;N;N;N;0;;-1;-1;-1;-1;-1;-1;-1;0;0;072HL01P01_001D1_ADD;0;;0;;0;0;0;0;0
2268;072HL01P01_001D2;NE-Pumpe Stoerung ZU-Anlage 1;19bc16d;C;;N;;;;;PLC;3;001:7210_113_BN_31;N;;;;;;;;D; ;0;;;;;;;N;N;N;N;N;N;N;N;N;N;N;0;;-1;-1;-1;-1;-1;-1;-1;0;0;072HL01P01_001D2;0;;0;;0;0;0;0;0
2269;072HL01P01_001S1;NE-Pumpe ZU-Anlage 1;19bc16d;C;;N;;;;;PLC;3;001:7210_36_DO;N;;;;;;;;A;U;0;0;1;0;1;1;0;N;N;N;N;N;N;N;N;N;N;N;0;;-1;-1;-1;-1;-1;-1;-1;0;0;072HL01P01_001S1;0;;0;;0;0;0;0;0
2274;072HL01P04_001D1;VE-Pumpe 1 ZU-Anlage 1;19bc16d;C;;N;;;;;PLC;3;001:7210_108_BI_31;N;;;;;;;;D; ;0;;;;;;;N;N;N;N;N;N;N;N;N;N;N;0;;-1;-1;-1;-1;-1;-1;-1;0;0;072HL01P04_001D1;0;;0;;0;0;0;0;0
2275;072HL01P04_001D1_ADD;VE-Pumpe 1 ZU-Anlage 1_[Std.];19bc16d;C;;N;;;;;PLC;3;001:7210_108_HR;N;;;;;;;;A;F;0;0;1;0;1;1;0;N;N;N;N;N;N;N;N;N;N;N;0;;-1;-1;-1;-1;-1;-1;-1;0;0;072HL01P04_001D1_ADD;0;;0;;0;0;0;0;0
2276;072HL01P04_001D2;VE-Pumpe 1 Stoerung ZU-Anlage 1;19bc16d;C;;N;;;;;PLC;3;001:7210_109_BN_31;N;;;;;;;;D; ;0;;;;;;;N;N;N;N;N;N;N;N;N;N;N;0;;-1;-1;-1;-1;-1;-1;-1;0;0;072HL01P04_001D2;0;;0;;0;0;0;0;0
2277;072HL01P04_001S1;VE-Pumpe 1 ZU-Anlage 1;19bc16d;C;;N;;;;;PLC;3;001:7210_33_DO;N;;;;;;;;A;U;0;0;1;0;1;1;0;N;N;N;N;N;N;N;N;N;N;N;0;;-1;-1;-1;-1;-1;-1;-1;0;0;072HL01P04_001S1;0;;0;;0;0;0;0;0
2278;072HL01P05_001D1;VE-Pumpe 2 ZU-Anlage 1;19bc16d;C;;N;;;;;PLC;3;001:7210_110_BI_31;N;;;;;;;;D; ;0;;;;;;;N;N;N;N;N;N;N;N;N;N;N;0;;-1;-1;-1;-1;-1;-1;-1;0;0;072HL01P05_001D1;0;;0;;0;0;0;0;0
2279;072HL01P05_001D1_ADD;VE-Pumpe 2 ZU-Anlage 1_[Std.];19bc16d;C;;N;;;;;PLC;3;001:7210_110_HR;N;;;;;;;;A;F;0;0;1;0;1;1;0;N;N;N;N;N;N;N;N;N;N;N;0;;-1;-1;-1;-1;-1;-1;-1;0;0;072HL01P05_001D1_ADD;0;;0;;0;0;0;0;0
2280;072HL01P05_001D2;VE-Pumpe 2 Stoerung ZU-Anlage 1;19bc16d;C;;N;;;;;PLC;3;001:7210_111_BN_31;N;;;;;;;;D; ;0;;;;;;;N;N;N;N;N;N;N;N;N;N;N;0;;-1;-1;-1;-1;-1;-1;-1;0;0;072HL01P05_001D2;0;;0;;0;0;0;0;0
2281;072HL01P05_001S1;VE-Pumpe 2 ZU-Anlage 1;19bc16d;C;;N;;;;;PLC;3;001:7210_34_DO;N;;;;;;;;A;U;0;0;1;0;1;1;0;N;N;N;N;N;N;N;N;N;N;N;0;;-1;-1;-1;-1;-1;-1;-1;0;0;072HL01P05_001S1;0;;0;;0;0;0;0;0
2282;072HL01Q01_001M1;ZU-Feuchte Absolut ZU-Anlage 1_[g/kg];19bc16d;C;;N;;;;;PLC;3;001:7210_13_AI;N;;;;;;;;A;F;0;0;1;0;1;1;0;N;N;N;N;N;N;N;N;N;N;N;0;;-1;-1;-1;-1;-1;-1;-1;0;0;072HL01Q01_001M1;0;;0;;0;0;0;0;0
2283;072HL01Q01_001W1;XS ZU-Feuchte Relativ ZU-Anlage 1_[%];19bc16d;C;;N;;;;;PLC;3;001:7210_217_AO;N;;;;;;;;A;F;0;0;1;0;1;10;95;N;N;N;N;N;N;N;N;N;N;N;0;;-1;-1;-1;-1;-1;-1;-1;0;0;072HL01Q01_001W1;0;;0;;0;0;0;0;0
2284;072HL01Q01_002W1;ZU-Feuchte Relativ ZU-Anlage 1_[%rF];19bc16d;C;;N;;;;;PLC;3;001:7210_220_AI;N;;;;;;;;A;F;0;0;1;0;1;1;0;N;N;N;N;N;N;N;N;N;N;N;0;;-1;-1;-1;-1;-1;-1;-1;0;0;072HL01Q01_002W1;0;;0;;0;0;0;0;0
2285;072HL01Q01_002W2;Xs ZU-Feuchte Absolut ZU-Anlage 1_[g/kg];19bc16d;C;;N;;;;;PLC;3;001:7210_216_AO;N;;;;;;;;A;F;0;0;1;0;1;5;8;N;N;N;N;N;N;N;N;N;N;N;0;;-1;-1;-1;-1;-1;-1;-1;0;0;072HL01Q01_002W2;0;;0;;0;0;0;0;0
2286;072HL01Q02_001M1;AU-Feuchte Relativ ZU-Anlage 1_[%rF];19bc16d;C;;N;;;;;PLC;3;001:7210_12_AI;N;;;;;;;;A;F;0;0;1;0;1;1;0;N;N;N;N;N;N;N;N;N;N;N;0;;-1;-1;-1;-1;-1;-1;-1;0;0;072HL01Q02_001M1;0;;0;;0;0;0;0;0
2287;072HL01Q02_002W1;AU-Feuchte Absolut ZU-Anlage 1_[g/kg];19bc16d;C;;N;;;;;PLC;3;001:7210_221_AI;N;;;;;;;;A;F;0;0;1;0;1;1;0;N;N;N;N;N;N;N;N;N;N;N;0;;-1;-1;-1;-1;-1;-1;-1;0;0;072HL01Q02_002W1;0;;0;;0;0;0;0;0
2288;072HL01Q02_002W2;GW SO/WI Anlage 3164 ZU-Anlage 1_[°C];19bc16d;C;;N;;;;;PLC;3;001:7210_81_AO;N;;;;;;;;A;F;0;0;1;0;1;1;0;N;N;N;N;N;N;N;N;N;N;N;0;;-1;-1;-1;-1;-1;-1;-1;0;0;072HL01Q02_002W2;0;;0;;0;0;0;0;0
2289;072HL01T01_001M1;ZU-Temperatur nach Nacherhitzer ZU-Anlage 1_[°C];19bc16d;C;;N;;;;;PLC;3;001:7210_3_AI;N;;;;;;;;A;F;0;0;1;0;1;1;0;N;N;N;N;N;N;N;N;N;N;N;0;;-1;-1;-1;-1;-1;-1;-1;0;0;072HL01T01_001M1;0;;0;;0;0;0;0;0
2290;072HL01T01_001W1;XS ZU-Temperatur NE ZU-Anlage 1_[°C];19bc16d;C;;N;;;;;PLC;3;001:7210_205_AO;N;;;;;;;;A;F;0;0;1;0;1;1;0;N;N;N;N;N;N;N;N;N;N;N;0;;-1;-1;-1;-1;-1;-1;-1;0;0;072HL01T01_001W1;0;;0;;0;0;0;0;0
2292;072HL01T01_001W3;XS Min. ZU-Temperatur NE ZU-Anlage 1_[°C];19bc16d;C;;N;;;;;PLC;3;001:7210_207_AO;N;;;;;;;;A;F;0;0;1;0;1;10;40;N;N;N;N;N;N;N;N;N;N;N;0;;-1;-1;-1;-1;-1;-1;-1;0;0;072HL01T01_001W3;0;;0;;0;0;0;0;0
2293;072HL01T01_001W4;XS Max. ZU-Temperatur NE ZU-Anlage 1_[°C];19bc16d;C;;N;;;;;PLC;3;001:7210_206_AO;N;;;;;;;;A;F;0;0;1;0;1;10;40;N;N;N;N;N;N;N;N;N;N;N;0;;-1;-1;-1;-1;-1;-1;-1;0;0;072HL01T01_001W4;0;;0;;0;0;0;0;0
2294;072HL01T02_002D1;VE Frostschutzwaechter Frostalarm ZU-Anlage 1;19bc16d;C;;N;;;;;PLC;3;001:7210_120_BN_31;N;;;;;;;;D; ;0;;;;;;;N;N;N;N;N;N;N;N;N;N;N;0;;-1;-1;-1;-1;-1;-1;-1;0;0;072HL01T02_002D1;0;;0;;0;0;0;0;0
2295;072HL01T02_002H1;Frost Voralarm VE ZU-Anlage 1;19bc16d;C;;N;;;;;PLC;3;001:7210_195_BN_31;N;;;;;;;;D; ;0;;;;;;;N;N;N;N;N;N;N;N;N;N;N;0;;-1;-1;-1;-1;-1;-1;-1;0;0;072HL01T02_002H1;0;;0;;0;0;0;0;0
2296;072HL01T04_001M1;AU-Temperatur ZU-Anlage 1_[°C];19bc16d;C;;N;;;;;PLC;3;001:7210_0_AI;N;;;;;;;;A;F;0;0;1;0;1;1;0;N;N;N;N;N;N;N;N;N;N;N;0;;-1;-1;-1;-1;-1;-1;-1;0;0;072HL01T04_001M1;0;;0;;0;0;0;0;0
2297;072HL01T05_001M1;ZU-Temperatur nach VE ZU-Anlage 1_[°C];19bc16d;C;;N;;;;;PLC;3;001:7210_1_AI;N;;;;;;;;A;F;0;0;1;0;1;1;0;N;N;N;N;N;N;N;N;N;N;N;0;;-1;-1;-1;-1;-1;-1;-1;0;0;072HL01T05_001M1;0;;0;;0;0;0;0;0
2298;072HL01T05_001W1;Xs ZU-Temperatur nach VE ZU-Anlage 1_[°C];19bc16d;C;;N;;;;;PLC;3;001:7210_197_AO;N;;;;;;;;A;F;0;0;1;0;1;1;0;N;N;N;N;N;N;N;N;N;N;N;0;;-1;-1;-1;-1;-1;-1;-1;0;0;072HL01T05_001W1;0;;0;;0;0;0;0;0
2299;072HL01T05_001W2;Xsc ZU-Temperatur VE ZU-Anlage 1_[°C];19bc16d;C;;N;;;;;PLC;3;001:7210_198_AI;N;;;;;;;;A;F;0;0;1;0;1;1;0;N;N;N;N;N;N;N;N;N;N;N;0;;-1;-1;-1;-1;-1;-1;-1;0;0;072HL01T05_001W2;0;;0;;0;0;0;0;0
2300;072HL01T05_001W3;Xs Min ZU-Temperatur VE ZU-Anlage 1_[°C];19bc16d;C;;N;;;;;PLC;3;001:7210_196_AO;N;;;;;;;;A;F;0;0;1;0;1;1;0;N;N;N;N;N;N;N;N;N;N;N;0;;-1;-1;-1;-1;-1;-1;-1;0;0;072HL01T05_001W3;0;;0;;0;0;0;0;0
2301;072HL01T05_001W4;Xs Max ZU-Temperatur VE ZU-Anlage 1_[°C];19bc16d;C;;N;;;;;PLC;3;001:7210_199_AO;N;;;;;;;;A;F;0;0;1;0;1;1;0;N;N;N;N;N;N;N;N;N;N;N;0;;-1;-1;-1;-1;-1;-1;-1;0;0;072HL01T05_001W4;0;;0;;0;0;0;0;0
2302;072HL01T06_001H1;Anfahrsperre HL01 aktiv ZU-Anlage 1;19bc16d;C;;N;;;;;PLC;3;001:7210_191_BI_31;N;;;;;;;;D; ;0;;;;;;;N;N;N;N;N;N;N;N;N;N;N;0;;-1;-1;-1;-1;-1;-1;-1;0;0;072HL01T06_001H1;0;;0;;0;0;0;0;0
2303;072HL01T06_001H2;Waermeversorgung LE keine Waerme ZU-Anlage 1;19bc16d;C;;N;;;;;PLC;3;001:7210_193_BN_31;N;;;;;;;;D; ;0;;;;;;;N;N;N;N;N;N;N;N;N;N;N;0;;-1;-1;-1;-1;-1;-1;-1;0;0;072HL01T06_001H2;0;;0;;0;0;0;0;0
2304;072HL01T06_001M1;RL-Temperatur Vorerhitzer ZU-Anlage 1_[°C];19bc16d;C;;N;;;;;PLC;3;001:7210_2_AI;N;;;;;;;;A;F;0;0;1;0;1;1;0;N;N;N;N;N;N;N;N;N;N;N;0;;-1;-1;-1;-1;-1;-1;-1;0;0;072HL01T06_001M1;0;;0;;0;0;0;0;0
2305;072HL01T06_001W1;Xs RL-Temperatur VE ZU-Anlage_[°C];19bc16d;C;;N;;;;;PLC;3;001:7210_192_AO;N;;;;;;;;A;F;0;0;1;0;1;5;40;N;N;N;N;N;N;N;N;N;N;N;0;;-1;-1;-1;-1;-1;-1;-1;0;0;072HL01T06_001W1;0;;0;;0;0;0;0;0
2306;072HL01U01_001D1;ZU-Ventilator ZU-Anlage 1;19bc16d;C;;N;;;;;PLC;3;001:7210_116_BI_31;N;;;;;;;;D; ;0;;;;;;;N;N;N;N;N;N;N;N;N;N;N;0;;-1;-1;-1;-1;-1;-1;-1;0;0;072HL01U01_001D1;0;;0;;0;0;0;0;0
2307;072HL01U01_001D1_ADD;ZU-Ventilator ZU-Anlage 1_[Std.];19bc16d;C;;N;;;;;PLC;3;001:7210_116_HR;N;;;;;;;;A;F;0;0;1;0;1;1;0;N;N;N;N;N;N;N;N;N;N;N;0;;-1;-1;-1;-1;-1;-1;-1;0;0;072HL01U01_001D1_ADD;0;;0;;0;0;0;0;0
2308;072HL01U01_001D2;ZU-Ventilator Stoerung ZU-Anlage 1;19bc16d;C;;N;;;;;PLC;3;001:7210_117_BN_31;N;;;;;;;;D; ;0;;;;;;;N;N;N;N;N;N;N;N;N;N;N;0;;-1;-1;-1;-1;-1;-1;-1;0;0;072HL01U01_001D2;0;;0;;0;0;0;0;0
2309;072HL01U01_001D3;Sicherheits-Schalter Aus Ventilator ZU-Anlage 1;19bc16d;C;;N;;;;;PLC;3;001:7210_124_BN_31;N;;;;;;;;D; ;0;;;;;;;N;N;N;N;N;N;N;N;N;N;N;0;;-1;-1;-1;-1;-1;-1;-1;0;0;072HL01U01_001D3;0;;0;;0;0;0;0;0
2310;072HL01U01_001S1;ZU-Ventilator ZU-Anlage 1;19bc16d;C;;N;;;;;PLC;3;001:7210_35_DO;N;;;;;;;;A;U;0;0;1;0;1;1;0;N;N;N;N;N;N;N;N;N;N;N;0;;-1;-1;-1;-1;-1;-1;-1;0;0;072HL01U01_001S1;0;;0;;0;0;0;0;0
2311;072HL01V01_001D1;AU-Klappen Offen ZU-Anlage 1;19bc16d;C;;N;;;;;PLC;3;001:7210_107_BI_31;N;;;;;;;;D; ;0;;;;;;;N;N;N;N;N;N;N;N;N;N;N;0;;-1;-1;-1;-1;-1;-1;-1;0;0;072HL01V01_001D1;0;;0;;0;0;0;0;0
2312;072HL01V01_001H1;AU-Klappen Fehlstellung ZU-Anlage 1;19bc16d;C;;N;;;;;PLC;3;001:7210_194_BN_31;N;;;;;;;;D; ;0;;;;;;;N;N;N;N;N;N;N;N;N;N;N;0;;-1;-1;-1;-1;-1;-1;-1;0;0;072HL01V01_001H1;0;;0;;0;0;0;0;0
2313;072HL01V01_001S1;AU-Klappen ZU-Anlage 1;19bc16d;C;;N;;;;;PLC;3;001:7210_32_DO;N;;;;;;;;A;U;0;0;1;0;1;1;0;N;N;N;N;N;N;N;N;N;N;N;0;;-1;-1;-1;-1;-1;-1;-1;0;0;072HL01V01_001S1;0;;0;;0;0;0;0;0
2315;072HL01V02_002Y1;Befeuchter-Ventil ZU-Anlage 1_[%];19bc16d;C;;N;;;;;PLC;3;001:7210_29_AI;N;;;;;;;;A;F;0;0;1;0;1;1;0;N;N;N;N;N;N;N;N;N;N;N;0;;-1;-1;-1;-1;-1;-1;-1;0;0;072HL01V02_002Y1;0;;0;;0;0;0;0;0
2316;072HL01V03_001Y1;NE-Ventil ZU-Anlage 1_[%];19bc16d;C;;N;;;;;PLC;3;001:7210_24_AI;N;;;;;;;;A;F;0;0;1;0;1;1;0;N;N;N;N;N;N;N;N;N;N;N;0;;-1;-1;-1;-1;-1;-1;-1;0;0;072HL01V03_001Y1;0;;0;;0;0;0;0;0
2317;072HL01V04_001Y1;LK-Ventil 1 ZU-Anlage 1_[%];19bc16d;C;;N;;;;;PLC;3;001:7210_25_AI;N;;;;;;;;A;F;0;0;1;0;1;1;0;N;N;N;N;N;N;N;N;N;N;N;0;;-1;-1;-1;-1;-1;-1;-1;0;0;072HL01V04_001Y1;0;;0;;0;0;0;0;0
2318;072HL01V04_002Y1;LK-Ventil 2 ZU-Anlage 1_[%];19bc16d;C;;N;;;;;PLC;3;001:7210_26_AI;N;;;;;;;;A;F;0;0;1;0;1;1;0;N;N;N;N;N;N;N;N;N;N;N;0;;-1;-1;-1;-1;-1;-1;-1;0;0;072HL01V04_002Y1;0;;0;;0;0;0;0;0
2319;072HL01V05_001Y1;VE-Ventil 1 ZU-Anlage 1_[%];19bc16d;C;;N;;;;;PLC;3;001:7210_20_AI;N;;;;;;;;A;F;0;0;1;0;1;1;0;N;N;N;N;N;N;N;N;N;N;N;0;;-1;-1;-1;-1;-1;-1;-1;0;0;072HL01V05_001Y1;0;;0;;0;0;0;0;0
2320;072HL01V05_002Y1;VE-Ventil 2 ZU-Anlage 1_[%];19bc16d;C;;N;;;;;PLC;3;001:7210_21_AI;N;;;;;;;;A;F;0;0;1;0;1;1;0;N;N;N;N;N;N;N;N;N;N;N;0;;-1;-1;-1;-1;-1;-1;-1;0;0;072HL01V05_002Y1;0;;0;;0;0;0;0;0
2321;072HL01V05_003Y1;VE-Ventil 3 ZU-Anlage 1_[%];19bc16d;C;;N;;;;;PLC;3;001:7210_22_AI;N;;;;;;;;A;F;0;0;1;0;1;1;0;N;N;N;N;N;N;N;N;N;N;N;0;;-1;-1;-1;-1;-1;-1;-1;0;0;072HL01V05_003Y1;0;;0;;0;0;0;0;0
2322;072SS02A01_001D1;Spannung Allgemein Ausfall SGK ZU-Anlage 1;19bc16d;C;;N;;;;;PLC;3;001:7210_135_BN_31;N;;;;;;;;D; ;0;;;;;;;N;N;N;N;N;N;N;N;N;N;N;0;;-1;-1;-1;-1;-1;-1;-1;0;0;072SS02A01_001D1;0;;0;;0;0;0;0;0
2323;072SS02A01_002S1;Sammelalarm SGK ZU-Anlage 1;19bc16d;C;;N;;;;;PLC;3;001:7210_44_DO;N;;;;;;;;A;U;0;0;1;0;1;1;0;N;N;N;N;N;N;N;N;N;N;N;0;;-1;-1;-1;-1;-1;-1;-1;0;0;072SS02A01_002S1;0;;0;;0;0;0;0;0
2324;072SS02A01_003S1;Alarm A.Z. Haustchnk SGK ZU-Anlage 1;19bc16d;C;;N;;;;;PLC;3;001:7210_46_DO;N;;;;;;;;A;U;0;0;1;0;1;1;0;N;N;N;N;N;N;N;N;N;N;N;0;;-1;-1;-1;-1;-1;-1;-1;0;0;072SS02A01_003S1;0;;0;;0;0;0;0;0
2325;072SS02A01_004H1;Softquittierung Not Brand SGK ZU-Anlage 1;19bc16d;C;;N;;;;;PLC;3;001:7210_77_DO;N;;;;;;;;A;U;0;0;1;0;1;1;0;N;N;N;N;N;N;N;N;N;N;N;0;;-1;-1;-1;-1;-1;-1;-1;0;0;072SS02A01_004H1;0;;0;;0;0;0;0;0
2326;072SS02A01_004S1;Softquittierung Brand SGK ZU-Anlage 1;19bc16d;C;;N;;;;;PLC;3;001:7210_47_DO;N;;;;;;;;A;U;0;0;1;0;1;1;0;N;N;N;N;N;N;N;N;N;N;N;0;;-1;-1;-1;-1;-1;-1;-1;0;0;072SS02A01_004S1;0;;0;;0;0;0;0;0
2327;072SS02A01_005D1;Spannung Einspeisung Ausfall SGK ZU-Anlage 1;19bc16d;C;;N;;;;;PLC;3;001:7210_134_BN_31;N;;;;;;;;D; ;0;;;;;;;N;N;N;N;N;N;N;N;N;N;N;0;;-1;-1;-1;-1;-1;-1;-1;0;0;072SS02A01_005D1;0;;0;;0;0;0;0;0
2328;072SS02A01_006A1;Fuehlerueberwachung Kurzschluss SGK ZU-Anlage 1;19bc16d;C;;N;;;;;PLC;3;001:7210_64_BN_31;N;;;;;;;;D; ;0;;;;;;;N;N;N;N;N;N;N;N;N;N;N;0;;-1;-1;-1;-1;-1;-1;-1;0;0;072SS02A01_006A1;0;;0;;0;0;0;0;0
2329;072SS02A01_006A2;Fuehlerueberwachung Unterbruch SGK ZU-Anlage 1;19bc16d;C;;N;;;;;PLC;3;001:7210_65_BN_31;N;;;;;;;;D; ;0;;;;;;;N;N;N;N;N;N;N;N;N;N;N;0;;-1;-1;-1;-1;-1;-1;-1;0;0;072SS02A01_006A2;0;;0;;0;0;0;0;0
2330;072SS02A01_006H1;Softquittierung SGK Zul. 1;19bc16d;C;;N;;;;;PLC;3;001:7210_73_DO;N;;;;;;;;A;U;0;0;1;0;1;1;0;N;N;N;N;N;N;N;N;N;N;N;0;;-1;-1;-1;-1;-1;-1;-1;0;0;072SS02A01_006H1;0;;0;;0;0;0;0;0
2331;072SS02A01_016H1;AS7210 Lokalmeldung ZU-Anlage 1;19bc16d;C;;N;;;;;PLC;3;001:7210_105_BI_31;N;;;;;;;;D; ;0;;;;;;;N;N;N;N;N;N;N;N;N;N;N;0;;-1;-1;-1;-1;-1;-1;-1;0;0;072SS02A01_016H1;0;;0;;0;0;0;0;0
2332;072SS02L01_001H1;Hand-Not AS7210 ZU-Anlage 1;19bc16d;C;;N;;;;;PLC;3;001:7210_71_BI_31;N;;;;;;;;D; ;0;;;;;;;N;N;N;N;N;N;N;N;N;N;N;0;;-1;-1;-1;-1;-1;-1;-1;0;0;072SS02L01_001H1;0;;0;;0;0;0;0;0
2333;072SS02L01_001S1;Hand-Not SGK ZU-Anlage 1;19bc16d;C;;N;;;;;PLC;3;001:7210_45_DO;N;;;;;;;;A;U;0;0;1;0;1;1;0;N;N;N;N;N;N;N;N;N;N;N;0;;-1;-1;-1;-1;-1;-1;-1;0;0;072SS02L01_001S1;0;;0;;0;0;0;0;0
2335;072HL01V02_002Y2;Befeuchter-Ventil ZU-Anlage 1_[%];19bc16d;C;;N;;;;;PLC;3;001:7210_29_NDA;I;10000;;;;;;;A;U;0;0;1;0;1;1;0;N;N;N;N;N;N;N;N;N;N;N;0;;-1;-1;-1;-1;-1;-1;-1;0;0;072HL01V02_002Y2;0;;0;;0;0;0;0;0
2336;072HL01V03_001Y2;NE-Ventil ZU-Anlage 1_[%];19bc16d;C;;N;;;;;PLC;3;001:7210_24_NDA;I;10000;;;;;;;A;U;0;0;1;0;1;1;0;N;N;N;N;N;N;N;N;N;N;N;0;;-1;-1;-1;-1;-1;-1;-1;0;0;072HL01V03_001Y2;0;;0;;0;0;0;0;0
2337;072HL01V04_001Y2;LK-Ventil 1 ZU-Anlage 1_[%];19bc16d;C;;N;;;;;PLC;3;001:7210_25_NDA;I;10000;;;;;;;A;U;0;0;1;0;1;1;0;N;N;N;N;N;N;N;N;N;N;N;0;;-1;-1;-1;-1;-1;-1;-1;0;0;072HL01V04_001Y2;0;;0;;0;0;0;0;0
2338;072HL01V04_002Y2;LK-Ventil 2 ZU-Anlage 1_[%];19bc16d;C;;N;;;;;PLC;3;001:7210_26_NDA;I;10000;;;;;;;A;U;0;0;1;0;1;1;0;N;N;N;N;N;N;N;N;N;N;N;0;;-1;-1;-1;-1;-1;-1;-1;0;0;072HL01V04_002Y2;0;;0;;0;0;0;0;0
2339;072HL01V05_001Y2;VE-Ventil 1 ZU-Anlage 1_[%];19bc16d;C;;N;;;;;PLC;3;001:7210_20_NDA;I;10000;;;;;;;A;U;0;0;1;0;1;1;0;N;N;N;N;N;N;N;N;N;N;N;0;;-1;-1;-1;-1;-1;-1;-1;0;0;072HL01V05_001Y2;0;;0;;0;0;0;0;0
2340;072HL01V05_002Y2;VE-Ventil 2 ZU-Anlage 1_[%];19bc16d;C;;N;;;;;PLC;3;001:7210_21_NDA;I;10000;;;;;;;A;U;0;0;1;0;1;1;0;N;N;N;N;N;N;N;N;N;N;N;0;;-1;-1;-1;-1;-1;-1;-1;0;0;072HL01V05_002Y2;0;;0;;0;0;0;0;0
2341;072HL01V05_003Y2;VE-Ventil 3 ZU-Anlage 1_[%];19bc16d;C;;N;;;;;PLC;3;001:7210_22_NDA;I;10000;;;;;;;A;U;0;0;1;0;1;1;0;N;N;N;N;N;N;N;N;N;N;N;0;;-1;-1;-1;-1;-1;-1;-1;0;0;072HL01V05_003Y2;0;;0;;0;0;0;0;0
2348;072HL04A01_001D1;Spannung Steuerung Ausfall Klimaanlage 1;19bc16d;C;;N;;;;;PLC;3;001:7215_135_BN_31;N;;;;;;;;D; ;0;;;;;;;N;N;N;N;N;N;N;N;N;N;N;0;;-1;-1;-1;-1;-1;-1;-1;0;0;072HL04A01_001D1;0;;0;;0;0;0;0;0
2349;072HL04A01_002D1;Brandalarm Klimaanlage 1;19bc16d;C;;N;;;;;PLC;3;001:7215_136_BN_31;N;;;;;;;;D; ;0;;;;;;;N;N;N;N;N;N;N;N;N;N;N;0;;-1;-1;-1;-1;-1;-1;-1;0;0;072HL04A01_002D1;0;;0;;0;0;0;0;0
2350;072HL04A01_003S1;Betriebsmeldung Klimaanlage 1;19bc16d;C;;N;;;;;PLC;3;001:7215_39_DO;N;;;;;;;;A;U;0;0;1;0;1;1;0;N;N;N;N;N;N;N;N;N;N;N;0;;-1;-1;-1;-1;-1;-1;-1;0;0;072HL04A01_003S1;0;;0;;0;0;0;0;0
2351;072HL04A01_004S1;Betrieb Klimaanlage 1 oder 2;19bc16d;C;;N;;;;;PLC;3;001:7215_40_DO;N;;;;;;;;A;U;0;0;1;0;1;1;0;N;N;N;N;N;N;N;N;N;N;N;0;;-1;-1;-1;-1;-1;-1;-1;0;0;072HL04A01_004S1;0;;0;;0;0;0;0;0
2352;072HL04A01_005S1;Betrieb Klimaanlage 1 und 2;19bc16d;C;;N;;;;;PLC;3;001:7215_41_DO;N;;;;;;;;A;U;0;0;1;0;1;1;0;N;N;N;N;N;N;N;N;N;N;N;0;;-1;-1;-1;-1;-1;-1;-1;0;0;072HL04A01_005S1;0;;0;;0;0;0;0;0
2353;072HL04C01_001H1;ZP Befeuchtung Klimaanlage 1 (01);19bc16d;C;;N;;;;;PLC;3;001:7215_215_DO;N;;;;;;;;A;U;0;0;1;0;1;1;0;N;N;N;N;N;N;N;N;N;N;N;0;;-1;-1;-1;-1;-1;-1;-1;0;0;072HL04C01_001H1;0;;0;;0;0;0;0;0
2354;072HL04C02_001H1;ZP Lueftung Klimaanlage 1 (01);19bc16d;C;;N;;;;;PLC;3;001:7215_78_DO;N;;;;;;;;A;U;0;0;1;0;1;1;0;N;N;N;N;N;N;N;N;N;N;N;0;;-1;-1;-1;-1;-1;-1;-1;0;0;072HL04C02_001H1;0;;0;;0;0;0;0;0
2355;072HL04C03_001H1;ZP Mischkaesten Klimaanlage 1 (01);19bc16d;C;;N;;;;;PLC;3;001:7215_97_DO;N;;;;;;;;A;U;0;0;1;0;1;1;0;N;N;N;N;N;N;N;N;N;N;N;0;;-1;-1;-1;-1;-1;-1;-1;0;0;072HL04C03_001H1;0;;0;;0;0;0;0;0
2356;072HL04C05_001H1;ZP Pumpenblockier Klimaanlage 1 (01);19bc16d;C;;N;;;;;PLC;3;001:7215_200_DO;N;;;;;;;;A;U;0;0;1;0;1;1;0;N;N;N;N;N;N;N;N;N;N;N;0;;-1;-1;-1;-1;-1;-1;-1;0;0;072HL04C05_001H1;0;;0;;0;0;0;0;0
2357;072HL04E01_001D1;Anlagenschalter Klimaanlage 1 (0A1);19bc16d;C;;N;;;;;PLC;3;001:7215_80_DO;N;;;;;;;;A;U;0;0;1;0;1;1;0;N;N;N;N;N;N;N;N;N;N;N;0;;-1;-1;-1;-1;-1;-1;-1;0;0;072HL04E01_001D1;0;;0;;0;0;0;0;0
2358;072HL04E01_002D1;HW-Quittierung SA Klimaanlage 1;19bc16d;C;;N;;;;;PLC;3;001:7215_137_BI_31;N;;;;;;;;D; ;0;;;;;;;N;N;N;N;N;N;N;N;N;N;N;0;;-1;-1;-1;-1;-1;-1;-1;0;0;072HL04E01_002D1;0;;0;;0;0;0;0;0
2359;072HL04E01_003H1;Softschalter Klimaanlage 1 (0A1);19bc16d;C;;N;;;;;PLC;3;001:7215_79_DO;N;;;;;;;;A;U;0;0;1;0;1;1;0;N;N;N;N;N;N;N;N;N;N;N;0;;-1;-1;-1;-1;-1;-1;-1;0;0;072HL04E01_003H1;0;;0;;0;0;0;0;0
2368;072HL04P02_001D1;NE-Pumpe Klimaanlage 1;19bc16d;C;;N;;;;;PLC;3;001:7215_99_BI_31;N;;;;;;;;D; ;0;;;;;;;N;N;N;N;N;N;N;N;N;N;N;0;;-1;-1;-1;-1;-1;-1;-1;0;0;072HL04P02_001D1;0;;0;;0;0;0;0;0
2369;072HL04P02_001D1_ADD;NE-Pumpe Klimaanlage 1_[Std.];19bc16d;C;;N;;;;;PLC;3;001:7215_99_HR;N;;;;;;;;A;F;0;0;1;0;1;1;0;N;N;N;N;N;N;N;N;N;N;N;0;;-1;-1;-1;-1;-1;-1;-1;0;0;072HL04P02_001D1_ADD;0;;0;;0;0;0;0;0
2370;072HL04P02_001D2;NE-Pumpe Stoerung Klimaanlage 1;19bc16d;C;;N;;;;;PLC;3;001:7215_100_BN_31;N;;;;;;;;D; ;0;;;;;;;N;N;N;N;N;N;N;N;N;N;N;0;;-1;-1;-1;-1;-1;-1;-1;0;0;072HL04P02_001D2;0;;0;;0;0;0;0;0
2371;072HL04P02_001S1;NE-Pumpe Klimaanlage 1;19bc16d;C;;N;;;;;PLC;3;001:7215_36_DO;N;;;;;;;;A;U;0;0;1;0;1;1;0;N;N;N;N;N;N;N;N;N;N;N;0;;-1;-1;-1;-1;-1;-1;-1;0;0;072HL04P02_001S1;0;;0;;0;0;0;0;0
2372;072HL04P03_001M1;ZU-Druck WL-Kanal Klimaanlagen 1-2 [Pa];19bc16d;C;;N;;;;;PLC;3;001:7215_17_AI;N;;;;;;;;A;F;0;0;1;0;1;1;0;N;N;N;N;N;N;N;N;N;N;N;0;;-1;-1;-1;-1;-1;-1;-1;0;0;072HL04P03_001M1;0;;0;;0;0;0;0;0
2373;072HL04P03_001W1;XS Zuluftdruck Klimaanlagen 1-2 [Pa];19bc16d;C;;N;;;;;PLC;3;001:7215_92_AO;N;;;;;;;;A;F;0;0;1;0;1;0;1000;N;N;N;N;N;N;N;N;N;N;N;0;;-1;-1;-1;-1;-1;-1;-1;0;0;072HL04P03_001W1;0;;0;;0;0;0;0;0
2374;072HL04P04_001M1;ZU-Druck KL-Kanal Klimaanlagen 1-2 [Pa];19bc16d;C;;N;;;;;PLC;3;001:7215_19_AI;N;;;;;;;;A;F;0;0;1;0;1;1;0;N;N;N;N;N;N;N;N;N;N;N;0;;-1;-1;-1;-1;-1;-1;-1;0;0;072HL04P04_001M1;0;;0;;0;0;0;0;0
2375;072HL04P05_001M1;ZU-Druck Max. Klimaanlage 1_[Pa];19bc16d;C;;N;;;;;PLC;3;001:7215_14_AI;N;;;;;;;;A;F;0;0;1;0;1;1;0;N;N;N;N;N;N;N;N;N;N;N;0;;-1;-1;-1;-1;-1;-1;-1;0;0;072HL04P05_001M1;0;;0;;0;0;0;0;0
2376;072HL04P05_001W1;Xs ZU-Druck Max. Klimaanlage 1_[Pa];19bc16d;C;;N;;;;;PLC;3;001:7215_94_AO;N;;;;;;;;A;F;0;0;1;0;1;1;0;N;N;N;N;N;N;N;N;N;N;N;0;;-1;-1;-1;-1;-1;-1;-1;0;0;072HL04P05_001W1;0;;0;;0;0;0;0;0
2377;072HL04P05_002D1;ZU-Max. Druck zu Hoch Klimaanlage 1;19bc16d;C;;N;;;;;PLC;3;001:7215_116_BN_31;N;;;;;;;;D; ;0;;;;;;;N;N;N;N;N;N;N;N;N;N;N;0;;-1;-1;-1;-1;-1;-1;-1;0;0;072HL04P05_002D1;0;;0;;0;0;0;0;0
2378;072HL04P06_001M1;ZU-Druck Max. Klimaanlage 2_[Pa];19bc16d;C;;N;;;;;PLC;3;001:7215_15_AI;N;;;;;;;;A;F;0;0;1;0;1;1;0;N;N;N;N;N;N;N;N;N;N;N;0;;-1;-1;-1;-1;-1;-1;-1;0;0;072HL04P06_001M1;0;;0;;0;0;0;0;0
2379;072HL04P06_001W1;Xs ZU-Druck Max. Klimaanlage 2_[Pa];19bc16d;C;;N;;;;;PLC;3;001:7215_95_AO;N;;;;;;;;A;F;0;0;1;0;1;1;0;N;N;N;N;N;N;N;N;N;N;N;0;;-1;-1;-1;-1;-1;-1;-1;0;0;072HL04P06_001W1;0;;0;;0;0;0;0;0
2380;072HL04Q01_001M1;ZU-Feuchte Absolut WL-Kanal Klimaanlage 1_[g/kg];19bc16d;C;;N;;;;;PLC;3;001:7215_16_AI;N;;;;;;;;A;F;0;0;1;0;1;1;0;N;N;N;N;N;N;N;N;N;N;N;0;;-1;-1;-1;-1;-1;-1;-1;0;0;072HL04Q01_001M1;0;;0;;0;0;0;0;0
2381;072HL04Q01_001W1;Xs ZU-Feuchte WL-Kanal Relativ Klimaanlage 1_[%rF];19bc16d;C;;N;;;;;PLC;3;001:7215_217_AO;N;;;;;;;;A;F;0;0;1;0;1;10;75;N;N;N;N;N;N;N;N;N;N;N;0;;-1;-1;-1;-1;-1;-1;-1;0;0;072HL04Q01_001W1;0;;0;;0;0;0;0;0
2382;072HL04Q01_002W1;ZL-Feuchte Relativ WL-Kanal Klimaanlage 1_[%rF];19bc16d;C;;N;;;;;PLC;3;001:7215_220_AI;N;;;;;;;;A;F;0;0;1;0;1;1;0;N;N;N;N;N;N;N;N;N;N;N;0;;-1;-1;-1;-1;-1;-1;-1;0;0;072HL04Q01_002W1;0;;0;;0;0;0;0;0
2383;072HL04Q01_002W2;Xs ZL-Feuchte Absolut WL-Kanal Klimaanlage 1_[g/kg];19bc16d;C;;N;;;;;PLC;3;001:7215_216_AO;N;;;;;;;;A;F;0;0;1;0;1;5;8;N;N;N;N;N;N;N;N;N;N;N;0;;-1;-1;-1;-1;-1;-1;-1;0;0;072HL04Q01_002W2;0;;0;;0;0;0;0;0
2384;072HL04T01_001M1;ZU-Temperatur WL-Kanal Klimaanlage 1_[°C];19bc16d;C;;N;;;;;PLC;3;001:7215_0_AI;N;;;;;;;;A;F;0;0;1;0;1;1;0;N;N;N;N;N;N;N;N;N;N;N;0;;-1;-1;-1;-1;-1;-1;-1;0;0;072HL04T01_001M1;0;;0;;0;0;0;0;0
2385;072HL04T01_001W1;XS ZU-Temperatur NE Klimaanlage 1_[°C];19bc16d;C;;N;;;;;PLC;3;001:7215_205_AO;N;;;;;;;;A;F;0;0;1;0;1;1;0;N;N;N;N;N;N;N;N;N;N;N;0;;-1;-1;-1;-1;-1;-1;-1;0;0;072HL04T01_001W1;0;;0;;0;0;0;0;0
2386;072HL04T01_001W2;Xsc ZU-Temperatur NE Klimaanlage 1_[°C];19bc16d;C;;N;;;;;PLC;3;001:7215_213_AI;N;;;;;;;;A;F;0;0;1;0;1;1;0;N;N;N;N;N;N;N;N;N;N;N;0;;-1;-1;-1;-1;-1;-1;-1;0;0;072HL04T01_001W2;0;;0;;0;0;0;0;0
2387;072HL04T01_001W3;XS Min. ZU-Temperatur NE Klimaanlage 1_[°C];19bc16d;C;;N;;;;;PLC;3;001:7215_207_AO;N;;;;;;;;A;F;0;0;1;0;1;10;40;N;N;N;N;N;N;N;N;N;N;N;0;;-1;-1;-1;-1;-1;-1;-1;0;0;072HL04T01_001W3;0;;0;;0;0;0;0;0
2388;072HL04T01_001W4;XS Max. ZU-Temperatur NE Klimaanlage 1_[°C];19bc16d;C;;N;;;;;PLC;3;001:7215_206_AO;N;;;;;;;;A;F;0;0;1;0;1;10;40;N;N;N;N;N;N;N;N;N;N;N;0;;-1;-1;-1;-1;-1;-1;-1;0;0;072HL04T01_001W4;0;;0;;0;0;0;0;0
2389;072HL04T01_001W5;XS Y1 ZU-Temperatur NE Klimaanlage 1_[°C];19bc16d;C;;N;;;;;PLC;3;001:7215_201_AO;N;;;;;;;;A;F;0;0;1;0;1;1;0;N;N;N;N;N;N;N;N;N;N;N;0;;-1;-1;-1;-1;-1;-1;-1;0;0;072HL04T01_001W5;0;;0;;0;0;0;0;0
2390;072HL04T01_001W6;XS Y2 ZU-Temperatur NE Klimaanlage 1_[°C];19bc16d;C;;N;;;;;PLC;3;001:7215_202_AO;N;;;;;;;;A;F;0;0;1;0;1;1;0;N;N;N;N;N;N;N;N;N;N;N;0;;-1;-1;-1;-1;-1;-1;-1;0;0;072HL04T01_001W6;0;;0;;0;0;0;0;0
2391;072HL04T01_001W7;XS X1 ZU-Temperatur NE Klimaanlage 1_[°C];19bc16d;C;;N;;;;;PLC;3;001:7215_203_AO;N;;;;;;;;A;F;0;0;1;0;1;1;0;N;N;N;N;N;N;N;N;N;N;N;0;;-1;-1;-1;-1;-1;-1;-1;0;0;072HL04T01_001W7;0;;0;;0;0;0;0;0
2392;072HL04T01_001W8;XS X2 ZU-Temperatur NE Klimaanlage 1_[°C];19bc16d;C;;N;;;;;PLC;3;001:7215_204_AO;N;;;;;;;;A;F;0;0;1;0;1;1;0;N;N;N;N;N;N;N;N;N;N;N;0;;-1;-1;-1;-1;-1;-1;-1;0;0;072HL04T01_001W8;0;;0;;0;0;0;0;0
2393;072HL04T02_001M1;ZU-Temperatur KL-Kanal Klimaanlage 1_[°C];19bc16d;C;;N;;;;;PLC;3;001:7215_1_AI;N;;;;;;;;A;F;0;0;1;0;1;1;0;N;N;N;N;N;N;N;N;N;N;N;0;;-1;-1;-1;-1;-1;-1;-1;0;0;072HL04T02_001M1;0;;0;;0;0;0;0;0
2394;072HL04T02_001W1;XS ZU-Temperatur LK Klimaanlage 1_[°C];19bc16d;C;;N;;;;;PLC;3;001:7215_89_AO;N;;;;;;;;A;F;0;0;1;0;1;1;0;N;N;N;N;N;N;N;N;N;N;N;0;;-1;-1;-1;-1;-1;-1;-1;0;0;072HL04T02_001W1;0;;0;;0;0;0;0;0
2395;072HL04T02_001W2;Xsc ZU-Temperatur LK Klimaanlage 1_[°C];19bc16d;C;;N;;;;;PLC;3;001:7215_214_AI;N;;;;;;;;A;F;0;0;1;0;1;1;0;N;N;N;N;N;N;N;N;N;N;N;0;;-1;-1;-1;-1;-1;-1;-1;0;0;072HL04T02_001W2;0;;0;;0;0;0;0;0
2396;072HL04T02_001W3;XS Min. ZU-Temperatur LK Klimaanlage 1_[°C];19bc16d;C;;N;;;;;PLC;3;001:7215_91_AO;N;;;;;;;;A;F;0;0;1;0;1;10;25;N;N;N;N;N;N;N;N;N;N;N;0;;-1;-1;-1;-1;-1;-1;-1;0;0;072HL04T02_001W3;0;;0;;0;0;0;0;0
2397;072HL04T02_001W4;XS Max. ZU-Temperatur LK Klimaanlage 1_[°C];19bc16d;C;;N;;;;;PLC;3;001:7215_90_AO;N;;;;;;;;A;F;0;0;1;0;1;10;30;N;N;N;N;N;N;N;N;N;N;N;0;;-1;-1;-1;-1;-1;-1;-1;0;0;072HL04T02_001W4;0;;0;;0;0;0;0;0
2398;072HL04T02_001W5;XS Y1 ZU-Temperatur LK Klimaanlage 1_[°C];19bc16d;C;;N;;;;;PLC;3;001:7215_85_AO;N;;;;;;;;A;F;0;0;1;0;1;1;0;N;N;N;N;N;N;N;N;N;N;N;0;;-1;-1;-1;-1;-1;-1;-1;0;0;072HL04T02_001W5;0;;0;;0;0;0;0;0
2399;072HL04T02_001W6;XS Y2 ZU-Temperatur LK Klimaanlage 1_[°C];19bc16d;C;;N;;;;;PLC;3;001:7215_86_AO;N;;;;;;;;A;F;0;0;1;0;1;1;0;N;N;N;N;N;N;N;N;N;N;N;0;;-1;-1;-1;-1;-1;-1;-1;0;0;072HL04T02_001W6;0;;0;;0;0;0;0;0
2400;072HL04T02_001W7;XS X1 ZU-Temperatur LK Klimaanlage 1_[°C];19bc16d;C;;N;;;;;PLC;3;001:7215_87_AO;N;;;;;;;;A;F;0;0;1;0;1;1;0;N;N;N;N;N;N;N;N;N;N;N;0;;-1;-1;-1;-1;-1;-1;-1;0;0;072HL04T02_001W7;0;;0;;0;0;0;0;0
2401;072HL04T02_001W8;XS X2 ZU-Temperatur LK Klimaanlage 1_[°C];19bc16d;C;;N;;;;;PLC;3;001:7215_88_AO;N;;;;;;;;A;F;0;0;1;0;1;1;0;N;N;N;N;N;N;N;N;N;N;N;0;;-1;-1;-1;-1;-1;-1;-1;0;0;072HL04T02_001W8;0;;0;;0;0;0;0;0
2402;072HL04T04_001M1;Frostalarm ab HL01 Klimaanlage 1;19bc16d;C;;N;;;;;PLC;3;001:7215_82_BN_31;N;;;;;;;;D; ;0;;;;;;;N;N;N;N;N;N;N;N;N;N;N;0;;-1;-1;-1;-1;-1;-1;-1;0;0;072HL04T04_001M1;0;;0;;0;0;0;0;0
2403;072HL04U01_001D1;FU ZU-Ventilator Klimaanlage 1;19bc16d;C;;N;;;;;PLC;3;001:7215_112_BI_31;N;;;;;;;;D; ;0;;;;;;;N;N;N;N;N;N;N;N;N;N;N;0;;-1;-1;-1;-1;-1;-1;-1;0;0;072HL04U01_001D1;0;;0;;0;0;0;0;0
2404;072HL04U01_001D1_ADD;FU ZU-Ventilator Klimaanlage 1_[Std.];19bc16d;C;;N;;;;;PLC;3;001:7215_112_HR;N;;;;;;;;A;F;0;0;1;0;1;1;0;N;N;N;N;N;N;N;N;N;N;N;0;;-1;-1;-1;-1;-1;-1;-1;0;0;072HL04U01_001D1_ADD;0;;0;;0;0;0;0;0
2405;072HL04U01_001D2;FU Stoerung ZU-Ventilator Klimaanlage 1;19bc16d;C;;N;;;;;PLC;3;001:7215_113_BN_31;N;;;;;;;;D; ;0;;;;;;;N;N;N;N;N;N;N;N;N;N;N;0;;-1;-1;-1;-1;-1;-1;-1;0;0;072HL04U01_001D2;0;;0;;0;0;0;0;0
2406;072HL04U01_001D3;FU ZU-Ventilator Stellung Aut Klimaanlage 1;19bc16d;C;;N;;;;;PLC;3;001:7215_114_BI_31;N;;;;;;;;D; ;0;;;;;;;N;N;N;N;N;N;N;N;N;N;N;0;;-1;-1;-1;-1;-1;-1;-1;0;0;072HL04U01_001D3;0;;0;;0;0;0;0;0
2407;072HL04U01_001D4;FU ZU-Ventilator Betriebsbereit Klimaanlage 1;19bc16d;C;;N;;;;;PLC;3;001:7215_115_BN_31;N;;;;;;;;D; ;0;;;;;;;N;N;N;N;N;N;N;N;N;N;N;0;;-1;-1;-1;-1;-1;-1;-1;0;0;072HL04U01_001D4;0;;0;;0;0;0;0;0
2408;072HL04U01_001S1;FU ZU-Ventilator Klimaanlage 1;19bc16d;C;;N;;;;;PLC;3;001:7215_35_DO;N;;;;;;;;A;U;0;0;1;0;1;1;0;N;N;N;N;N;N;N;N;N;N;N;0;;-1;-1;-1;-1;-1;-1;-1;0;0;072HL04U01_001S1;0;;0;;0;0;0;0;0
2409;072HL04U01_001Y1;FU Signal ZU-Ventilator Klimaanlagen 1-2 [%];19bc16d;C;;N;;;;;PLC;3;001:7215_20_AI;N;;;;;;;;A;F;0;0;1;0;1;1;0;N;N;N;N;N;N;N;N;N;N;N;0;;-1;-1;-1;-1;-1;-1;-1;0;0;072HL04U01_001Y1;0;;0;;0;0;0;0;0
2410;072HL04U02_001Y1;FU ZU-Ventilator Klima 2 Klimaanlage 1_[%];19bc16d;C;;N;;;;;PLC;3;001:7215_21_AI;N;;;;;;;;A;F;0;0;1;0;1;1;0;N;N;N;N;N;N;N;N;N;N;N;0;;-1;-1;-1;-1;-1;-1;-1;0;0;072HL04U02_001Y1;0;;0;;0;0;0;0;0
2411;072HL04V01_001D1;AU-Klappen Offen Klimaanlage 1;19bc16d;C;;N;;;;;PLC;3;001:7215_107_BI_31;N;;;;;;;;D; ;0;;;;;;;N;N;N;N;N;N;N;N;N;N;N;0;;-1;-1;-1;-1;-1;-1;-1;0;0;072HL04V01_001D1;0;;0;;0;0;0;0;0
2412;072HL04V01_001H1;AU-Klappen Fehlstellung Klimaanlage 1;19bc16d;C;;N;;;;;PLC;3;001:7215_194_BN_31;N;;;;;;;;D; ;0;;;;;;;N;N;N;N;N;N;N;N;N;N;N;0;;-1;-1;-1;-1;-1;-1;-1;0;0;072HL04V01_001H1;0;;0;;0;0;0;0;0
2413;072HL04V01_001S1;AU-Klappen Klimaanlage 1;19bc16d;C;;N;;;;;PLC;3;001:7215_32_DO;N;;;;;;;;A;U;0;0;1;0;1;1;0;N;N;N;N;N;N;N;N;N;N;N;0;;-1;-1;-1;-1;-1;-1;-1;0;0;072HL04V01_001S1;0;;0;;0;0;0;0;0
2414;072HL04V02_001D1;ZU-Klappe KL-Kanal Offen Klimaanlage 1;19bc16d;C;;N;;;;;PLC;3;001:7215_108_BI_31;N;;;;;;;;D; ;0;;;;;;;N;N;N;N;N;N;N;N;N;N;N;0;;-1;-1;-1;-1;-1;-1;-1;0;0;072HL04V02_001D1;0;;0;;0;0;0;0;0
2415;072HL04V02_001D2;ZU-Klappe KL-Kanal Geschlossen Klimaanlage 1;19bc16d;C;;N;;;;;PLC;3;001:7215_109_BI_31;N;;;;;;;;D; ;0;;;;;;;N;N;N;N;N;N;N;N;N;N;N;0;;-1;-1;-1;-1;-1;-1;-1;0;0;072HL04V02_001D2;0;;0;;0;0;0;0;0
2416;072HL04V02_001H1;ZU-Klappe KL-Kanal Fehlstellung Klimaanlage 1;19bc16d;C;;N;;;;;PLC;3;001:7215_83_BN_31;N;;;;;;;;D; ;0;;;;;;;N;N;N;N;N;N;N;N;N;N;N;0;;-1;-1;-1;-1;-1;-1;-1;0;0;072HL04V02_001H1;0;;0;;0;0;0;0;0
2417;072HL04V02_001S1;ZU-Klappe KL-Kanal Klimaanlage 1;19bc16d;C;;N;;;;;PLC;3;001:7215_33_DO;N;;;;;;;;A;U;0;0;1;0;1;1;0;N;N;N;N;N;N;N;N;N;N;N;0;;-1;-1;-1;-1;-1;-1;-1;0;0;072HL04V02_001S1;0;;0;;0;0;0;0;0
2418;072HL04V03_001D1;ZU-Klappe WL-Kanal Offen Klimaanlage 1;19bc16d;C;;N;;;;;PLC;3;001:7215_110_BI_31;N;;;;;;;;D; ;0;;;;;;;N;N;N;N;N;N;N;N;N;N;N;0;;-1;-1;-1;-1;-1;-1;-1;0;0;072HL04V03_001D1;0;;0;;0;0;0;0;0
2419;072HL04V03_001D2;ZU-Klappe WL-Kanal Geschlossen Klimaanlage 1;19bc16d;C;;N;;;;;PLC;3;001:7215_111_BI_31;N;;;;;;;;D; ;0;;;;;;;N;N;N;N;N;N;N;N;N;N;N;0;;-1;-1;-1;-1;-1;-1;-1;0;0;072HL04V03_001D2;0;;0;;0;0;0;0;0
2420;072HL04V03_001H1;ZU-Klappe WL-Kanal Fehlstellung Klimaanlage 1;19bc16d;C;;N;;;;;PLC;3;001:7215_84_BN_31;N;;;;;;;;D; ;0;;;;;;;N;N;N;N;N;N;N;N;N;N;N;0;;-1;-1;-1;-1;-1;-1;-1;0;0;072HL04V03_001H1;0;;0;;0;0;0;0;0
2421;072HL04V03_001S1;ZU-Klappe WL-Kanal Klimaanlage 1;19bc16d;C;;N;;;;;PLC;3;001:7215_34_DO;N;;;;;;;;A;U;0;0;1;0;1;1;0;N;N;N;N;N;N;N;N;N;N;N;0;;-1;-1;-1;-1;-1;-1;-1;0;0;072HL04V03_001S1;0;;0;;0;0;0;0;0
2422;072HL04V10_001Y1;Befeuchter-Ventil Klimaanlage 1_[%];19bc16d;C;;N;;;;;PLC;3;001:7215_22_AI;N;;;;;;;;A;F;0;0;1;0;1;1;0;N;N;N;N;N;N;N;N;N;N;N;0;;-1;-1;-1;-1;-1;-1;-1;0;0;072HL04V10_001Y1;0;;0;;0;0;0;0;0
2424;072HL04V20_001Y1;NE-Ventil Klimaanlage 1_[%];19bc16d;C;;N;;;;;PLC;3;001:7215_24_AI;N;;;;;;;;A;F;0;0;1;0;1;1;0;N;N;N;N;N;N;N;N;N;N;N;0;;-1;-1;-1;-1;-1;-1;-1;0;0;072HL04V20_001Y1;0;;0;;0;0;0;0;0
2425;072HL04V21_001Y1;LK-Ventil 1 Klimaanlage 1_[%];19bc16d;C;;N;;;;;PLC;3;001:7215_25_AI;N;;;;;;;;A;F;0;0;1;0;1;1;0;N;N;N;N;N;N;N;N;N;N;N;0;;-1;-1;-1;-1;-1;-1;-1;0;0;072HL04V21_001Y1;0;;0;;0;0;0;0;0
2426;072HL04V21_002Y1;LK-Ventil 2 Klimaanlage 1_[%];19bc16d;C;;N;;;;;PLC;3;001:7215_26_AI;N;;;;;;;;A;F;0;0;1;0;1;1;0;N;N;N;N;N;N;N;N;N;N;N;0;;-1;-1;-1;-1;-1;-1;-1;0;0;072HL04V21_002Y1;0;;0;;0;0;0;0;0
2427;072SS03A01_001S1;Sammelalarm SGK Klimaanlage 1;19bc16d;C;;N;;;;;PLC;3;001:7215_44_DO;N;;;;;;;;A;U;0;0;1;0;1;1;0;N;N;N;N;N;N;N;N;N;N;N;0;;-1;-1;-1;-1;-1;-1;-1;0;0;072SS03A01_001S1;0;;0;;0;0;0;0;0
2428;072SS03A01_002H2;Softquittierung SGK Klimaanlage 1;19bc16d;C;;N;;;;;PLC;3;001:7215_73_DO;N;;;;;;;;A;U;0;0;1;0;1;1;0;N;N;N;N;N;N;N;N;N;N;N;0;;-1;-1;-1;-1;-1;-1;-1;0;0;072SS03A01_002H2;0;;0;;0;0;0;0;0
2429;072SS03A01_006A1;Fuehlerueberwachung Kurzschluss SGK Klimaanlage 1;19bc16d;C;;N;;;;;PLC;3;001:7215_64_BN_31;N;;;;;;;;D; ;0;;;;;;;N;N;N;N;N;N;N;N;N;N;N;0;;-1;-1;-1;-1;-1;-1;-1;0;0;072SS03A01_006A1;0;;0;;0;0;0;0;0
2430;072SS03A01_006A2;Fuehlerueberwachung Unterbruch SGK Klimaanlage 1;19bc16d;C;;N;;;;;PLC;3;001:7215_65_BN_31;N;;;;;;;;D; ;0;;;;;;;N;N;N;N;N;N;N;N;N;N;N;0;;-1;-1;-1;-1;-1;-1;-1;0;0;072SS03A01_006A2;0;;0;;0;0;0;0;0
2431;072SS03A01_016H1;AS7215 Lokalmeldung ZU-Anlage 1;19bc16d;C;;N;;;;;PLC;3;001:7215_102_BI_31;N;;;;;;;;D; ;0;;;;;;;N;N;N;N;N;N;N;N;N;N;N;0;;-1;-1;-1;-1;-1;-1;-1;0;0;072SS03A01_016H1;0;;0;;0;0;0;0;0
2432;072SS03A02_001H1;Hand-Not AS7215 Klimaanlage 1;19bc16d;C;;N;;;;;PLC;3;001:7215_71_BI_31;N;;;;;;;;D; ;0;;;;;;;N;N;N;N;N;N;N;N;N;N;N;0;;-1;-1;-1;-1;-1;-1;-1;0;0;072SS03A02_001H1;0;;0;;0;0;0;0;0
2433;072SS03A02_001S1;Hand-Not SGK Klimaanlage 1;19bc16d;C;;N;;;;;PLC;3;001:7215_45_DO;N;;;;;;;;A;U;0;0;1;0;1;1;0;N;N;N;N;N;N;N;N;N;N;N;0;;-1;-1;-1;-1;-1;-1;-1;0;0;072SS03A02_001S1;0;;0;;0;0;0;0;0
2434;072SS03A03_001S1;Alarm A.Z. Haustchnk SGK Klimaanlage 1;19bc16d;C;;N;;;;;PLC;3;001:7215_46_DO;N;;;;;;;;A;U;0;0;1;0;1;1;0;N;N;N;N;N;N;N;N;N;N;N;0;;-1;-1;-1;-1;-1;-1;-1;0;0;072SS03A03_001S1;0;;0;;0;0;0;0;0
2435;072SS03A04_001H1;Softquittierung Not Brand SGK Klimaanlage 1;19bc16d;C;;N;;;;;PLC;3;001:7215_77_DO;N;;;;;;;;A;U;0;0;1;0;1;1;0;N;N;N;N;N;N;N;N;N;N;N;0;;-1;-1;-1;-1;-1;-1;-1;0;0;072SS03A04_001H1;0;;0;;0;0;0;0;0
2436;072SS03A04_001S1;Softquittierung Brand SGK Klimaanlage 1;19bc16d;C;;N;;;;;PLC;3;001:7215_47_DO;N;;;;;;;;A;U;0;0;1;0;1;1;0;N;N;N;N;N;N;N;N;N;N;N;0;;-1;-1;-1;-1;-1;-1;-1;0;0;072SS03A04_001S1;0;;0;;0;0;0;0;0
2437;072SS03A10_001D1;Spannung Einspeisung Ausfall SGK Klimaanlage 1;19bc16d;C;;N;;;;;PLC;3;001:7215_133_BN_31;N;;;;;;;;D; ;0;;;;;;;N;N;N;N;N;N;N;N;N;N;N;0;;-1;-1;-1;-1;-1;-1;-1;0;0;072SS03A10_001D1;0;;0;;0;0;0;0;0
2438;072SS03A10_002D1;Spannung Allgemein Ausfall SGK Klimaanlage 1;19bc16d;C;;N;;;;;PLC;3;001:7215_134_BN_31;N;;;;;;;;D; ;0;;;;;;;N;N;N;N;N;N;N;N;N;N;N;0;;-1;-1;-1;-1;-1;-1;-1;0;0;072SS03A10_002D1;0;;0;;0;0;0;0;0
2439;072HL04U01_001Y2;FU ZU-Ventilator Klimaanlage 1_[%];19bc16d;C;;N;;;;;PLC;3;001:7215_20_NDA;I;10000;;;;;;;A;U;0;0;1;0;1;1;0;N;N;N;N;N;N;N;N;N;N;N;0;;-1;-1;-1;-1;-1;-1;-1;0;0;072HL04U01_001Y2;0;;0;;0;0;0;0;0
2440;072HL04U02_001Y2;FU ZU-Ventilator Klima 2 Klimaanlage 1_[%];19bc16d;C;;N;;;;;PLC;3;001:7215_21_NDA;I;10000;;;;;;;A;U;0;0;1;0;1;1;0;N;N;N;N;N;N;N;N;N;N;N;0;;-1;-1;-1;-1;-1;-1;-1;0;0;072HL04U02_001Y2;0;;0;;0;0;0;0;0
2441;072HL04V10_001Y2;Befeuchter-Ventil Klimaanlage 1_[%];19bc16d;C;;N;;;;;PLC;3;001:7215_22_NDA;I;10000;;;;;;;A;U;0;0;1;0;1;1;0;N;N;N;N;N;N;N;N;N;N;N;0;;-1;-1;-1;-1;-1;-1;-1;0;0;072HL04V10_001Y2;0;;0;;0;0;0;0;0
2443;072HL04V20_001Y2;NE-Ventil Klimaanlage 1_[%];19bc16d;C;;N;;;;;PLC;3;001:7215_24_NDA;I;10000;;;;;;;A;U;0;0;1;0;1;1;0;N;N;N;N;N;N;N;N;N;N;N;0;;-1;-1;-1;-1;-1;-1;-1;0;0;072HL04V20_001Y2;0;;0;;0;0;0;0;0
2444;072HL04V21_001Y2;LK-Ventil 1 Klimaanlage 1_[%];19bc16d;C;;N;;;;;PLC;3;001:7215_25_NDA;I;10000;;;;;;;A;U;0;0;1;0;1;1;0;N;N;N;N;N;N;N;N;N;N;N;0;;-1;-1;-1;-1;-1;-1;-1;0;0;072HL04V21_001Y2;0;;0;;0;0;0;0;0
2445;072HL04V21_002Y2;LK-Ventil 2 Klimaanlage 1_[%];19bc16d;C;;N;;;;;PLC;3;001:7215_26_NDA;I;10000;;;;;;;A;U;0;0;1;0;1;1;0;N;N;N;N;N;N;N;N;N;N;N;0;;-1;-1;-1;-1;-1;-1;-1;0;0;072HL04V21_002Y2;0;;0;;0;0;0;0;0
2449;072HL05A01_001D1;Spannung Steuerung Ausfall Klimaanlage 2;19bc16d;C;;N;;;;;PLC;3;001:7216_135_BN_31;N;;;;;;;;D; ;0;;;;;;;N;N;N;N;N;N;N;N;N;N;N;0;;-1;-1;-1;-1;-1;-1;-1;0;0;072HL05A01_001D1;0;;0;;0;0;0;0;0
2450;072HL05A01_002D1;Brandalarm Klimaanlage 2;19bc16d;C;;N;;;;;PLC;3;001:7216_136_BN_31;N;;;;;;;;D; ;0;;;;;;;N;N;N;N;N;N;N;N;N;N;N;0;;-1;-1;-1;-1;-1;-1;-1;0;0;072HL05A01_002D1;0;;0;;0;0;0;0;0
2451;072HL05A01_003S1;Betriebsmeldung Klimaanlage 2;19bc16d;C;;N;;;;;PLC;3;001:7216_39_DO;N;;;;;;;;A;U;0;0;1;0;1;1;0;N;N;N;N;N;N;N;N;N;N;N;0;;-1;-1;-1;-1;-1;-1;-1;0;0;072HL05A01_003S1;0;;0;;0;0;0;0;0
2454;072HL05C01_001H1;ZP Befeuchtung Klimaanlage 2 (01);19bc16d;C;;N;;;;;PLC;3;001:7216_215_DO;N;;;;;;;;A;U;0;0;1;0;1;1;0;N;N;N;N;N;N;N;N;N;N;N;0;;-1;-1;-1;-1;-1;-1;-1;0;0;072HL05C01_001H1;0;;0;;0;0;0;0;0
2455;072HL05C02_001H1;ZP Lueftung Klimaanlage 2 (01);19bc16d;C;;N;;;;;PLC;3;001:7216_78_DO;N;;;;;;;;A;U;0;0;1;0;1;1;0;N;N;N;N;N;N;N;N;N;N;N;0;;-1;-1;-1;-1;-1;-1;-1;0;0;072HL05C02_001H1;0;;0;;0;0;0;0;0
2457;072HL05C05_001H1;ZP Pumpenblockier Klimaanlage 2 (01);19bc16d;C;;N;;;;;PLC;3;001:7216_200_DO;N;;;;;;;;A;U;0;0;1;0;1;1;0;N;N;N;N;N;N;N;N;N;N;N;0;;-1;-1;-1;-1;-1;-1;-1;0;0;072HL05C05_001H1;0;;0;;0;0;0;0;0
2458;072HL05E01_001D1;Anlagenschalter Klimaanlage 2 (0A1);19bc16d;C;;N;;;;;PLC;3;001:7216_80_DO;N;;;;;;;;A;U;0;0;1;0;1;1;0;N;N;N;N;N;N;N;N;N;N;N;0;;-1;-1;-1;-1;-1;-1;-1;0;0;072HL05E01_001D1;0;;0;;0;0;0;0;0
2459;072HL05E01_002D1;HW-Quittierung SA Klimaanlage 2;19bc16d;C;;N;;;;;PLC;3;001:7216_137_BI_31;N;;;;;;;;D; ;0;;;;;;;N;N;N;N;N;N;N;N;N;N;N;0;;-1;-1;-1;-1;-1;-1;-1;0;0;072HL05E01_002D1;0;;0;;0;0;0;0;0
2460;072HL05E01_003H1;Softschalter Klimaanlage 2 (0A1);19bc16d;C;;N;;;;;PLC;3;001:7216_79_DO;N;;;;;;;;A;U;0;0;1;0;1;1;0;N;N;N;N;N;N;N;N;N;N;N;0;;-1;-1;-1;-1;-1;-1;-1;0;0;072HL05E01_003H1;0;;0;;0;0;0;0;0
2469;072HL05P02_001D1;NE-Pumpe Klimaanlage 2;19bc16d;C;;N;;;;;PLC;3;001:7216_99_BI_31;N;;;;;;;;D; ;0;;;;;;;N;N;N;N;N;N;N;N;N;N;N;0;;-1;-1;-1;-1;-1;-1;-1;0;0;072HL05P02_001D1;0;;0;;0;0;0;0;0
2470;072HL05P02_001D1_ADD;NE-Pumpe Klimaanlage 2_[Std.];19bc16d;C;;N;;;;;PLC;3;001:7216_99_HR;N;;;;;;;;A;F;0;0;1;0;1;1;0;N;N;N;N;N;N;N;N;N;N;N;0;;-1;-1;-1;-1;-1;-1;-1;0;0;072HL05P02_001D1_ADD;0;;0;;0;0;0;0;0
2471;072HL05P02_001D2;NE-Pumpe Stoerung Klimaanlage 2;19bc16d;C;;N;;;;;PLC;3;001:7216_100_BN_31;N;;;;;;;;D; ;0;;;;;;;N;N;N;N;N;N;N;N;N;N;N;0;;-1;-1;-1;-1;-1;-1;-1;0;0;072HL05P02_001D2;0;;0;;0;0;0;0;0
2472;072HL05P02_001S1;NE-Pumpe Klimaanlage 2;19bc16d;C;;N;;;;;PLC;3;001:7216_36_DO;N;;;;;;;;A;U;0;0;1;0;1;1;0;N;N;N;N;N;N;N;N;N;N;N;0;;-1;-1;-1;-1;-1;-1;-1;0;0;072HL05P02_001S1;0;;0;;0;0;0;0;0
2478;072HL05P05_002D1;ZU-Max. Druck zu Hoch Klimaanlage 2;19bc16d;C;;N;;;;;PLC;3;001:7216_116_BN_31;N;;;;;;;;D; ;0;;;;;;;N;N;N;N;N;N;N;N;N;N;N;0;;-1;-1;-1;-1;-1;-1;-1;0;0;072HL05P05_002D1;0;;0;;0;0;0;0;0
2481;072HL05Q01_001M1;ZU-Feuchte Absolut WL-Kanal Klimaanlage 2_[g/kg];19bc16d;C;;N;;;;;PLC;3;001:7216_16_AI;N;;;;;;;;A;F;0;0;1;0;1;1;0;N;N;N;N;N;N;N;N;N;N;N;0;;-1;-1;-1;-1;-1;-1;-1;0;0;072HL05Q01_001M1;0;;0;;0;0;0;0;0
2482;072HL05Q01_001W1;Xs ZU-Feuchte Relativ WL-Kanal Klimaanlage 2;19bc16d;C;;N;;;;;PLC;3;001:7216_217_AO;N;;;;;;;;A;F;0;0;1;0;1;10;75;N;N;N;N;N;N;N;N;N;N;N;0;;-1;-1;-1;-1;-1;-1;-1;0;0;072HL05Q01_001W1;0;;0;;0;0;0;0;0
2483;072HL05Q01_002W1;ZL-Feuchte Relativ WL-Kanal Klimaanlage 2_[%rF];19bc16d;C;;N;;;;;PLC;3;001:7216_220_AI;N;;;;;;;;A;F;0;0;1;0;1;1;0;N;N;N;N;N;N;N;N;N;N;N;0;;-1;-1;-1;-1;-1;-1;-1;0;0;072HL05Q01_002W1;0;;0;;0;0;0;0;0
2484;072HL05Q01_002W2;Xs ZL-Feuchte Absolut WL-Kanal Klimaanlage 2_[g/kg];19bc16d;C;;N;;;;;PLC;3;001:7216_216_AO;N;;;;;;;;A;F;0;0;1;0;1;5;8;N;N;N;N;N;N;N;N;N;N;N;0;;-1;-1;-1;-1;-1;-1;-1;0;0;072HL05Q01_002W2;0;;0;;0;0;0;0;0
2485;072HL05T01_001M1;ZU-Temperatur WL-Kanal Klimaanlage 2_[°C];19bc16d;C;;N;;;;;PLC;3;001:7216_0_AI;N;;;;;;;;A;F;0;0;1;0;1;1;0;N;N;N;N;N;N;N;N;N;N;N;0;;-1;-1;-1;-1;-1;-1;-1;0;0;072HL05T01_001M1;0;;0;;0;0;0;0;0
2486;072HL05T01_001W1;XS ZU-Temperatur NE Klimaanlage 2_[°C];19bc16d;C;;N;;;;;PLC;3;001:7216_205_AO;N;;;;;;;;A;F;0;0;1;0;1;1;0;N;N;N;N;N;N;N;N;N;N;N;0;;-1;-1;-1;-1;-1;-1;-1;0;0;072HL05T01_001W1;0;;0;;0;0;0;0;0
2487;072HL05T01_001W2;Xsc ZU-Temperatur NE Klimaanlage 2_[°C];19bc16d;C;;N;;;;;PLC;3;001:7216_213_AI;N;;;;;;;;A;F;0;0;1;0;1;1;0;N;N;N;N;N;N;N;N;N;N;N;0;;-1;-1;-1;-1;-1;-1;-1;0;0;072HL05T01_001W2;0;;0;;0;0;0;0;0
2488;072HL05T01_001W3;XS Min. ZU-Temperatur NE Klimaanlage 2_[°C];19bc16d;C;;N;;;;;PLC;3;001:7216_207_AO;N;;;;;;;;A;F;0;0;1;0;1;10;40;N;N;N;N;N;N;N;N;N;N;N;0;;-1;-1;-1;-1;-1;-1;-1;0;0;072HL05T01_001W3;0;;0;;0;0;0;0;0
2489;072HL05T01_001W4;XS Max. ZU-Temperatur NE Klimaanlage 2_[°C];19bc16d;C;;N;;;;;PLC;3;001:7216_206_AO;N;;;;;;;;A;F;0;0;1;0;1;10;40;N;N;N;N;N;N;N;N;N;N;N;0;;-1;-1;-1;-1;-1;-1;-1;0;0;072HL05T01_001W4;0;;0;;0;0;0;0;0
2490;072HL05T01_001W5;XS Y1 ZU-Temperatur NE Klimaanlage 2_[°C];19bc16d;C;;N;;;;;PLC;3;001:7216_201_AO;N;;;;;;;;A;F;0;0;1;0;1;1;0;N;N;N;N;N;N;N;N;N;N;N;0;;-1;-1;-1;-1;-1;-1;-1;0;0;072HL05T01_001W5;0;;0;;0;0;0;0;0
2491;072HL05T01_001W6;XS Y2 ZU-Temperatur NE Klimaanlage 2_[°C];19bc16d;C;;N;;;;;PLC;3;001:7216_202_AO;N;;;;;;;;A;F;0;0;1;0;1;1;0;N;N;N;N;N;N;N;N;N;N;N;0;;-1;-1;-1;-1;-1;-1;-1;0;0;072HL05T01_001W6;0;;0;;0;0;0;0;0
2492;072HL05T01_001W7;XS X1 ZU-Temperatur NE Klimaanlage 2_[°C];19bc16d;C;;N;;;;;PLC;3;001:7216_203_AO;N;;;;;;;;A;F;0;0;1;0;1;1;0;N;N;N;N;N;N;N;N;N;N;N;0;;-1;-1;-1;-1;-1;-1;-1;0;0;072HL05T01_001W7;0;;0;;0;0;0;0;0
2493;072HL05T01_001W8;XS X2 ZU-Temperatur NE Klimaanlage 2_[°C];19bc16d;C;;N;;;;;PLC;3;001:7216_204_AO;N;;;;;;;;A;F;0;0;1;0;1;1;0;N;N;N;N;N;N;N;N;N;N;N;0;;-1;-1;-1;-1;-1;-1;-1;0;0;072HL05T01_001W8;0;;0;;0;0;0;0;0
2494;072HL05T02_001M1;ZU-Temperatur KL-Kanal Klimaanlage 2_[°C];19bc16d;C;;N;;;;;PLC;3;001:7216_1_AI;N;;;;;;;;A;F;0;0;1;0;1;1;0;N;N;N;N;N;N;N;N;N;N;N;0;;-1;-1;-1;-1;-1;-1;-1;0;0;072HL05T02_001M1;0;;0;;0;0;0;0;0
2495;072HL05T02_001W1;XS ZU-Temperatur LK Klimaanlage 2_[°C];19bc16d;C;;N;;;;;PLC;3;001:7216_89_AO;N;;;;;;;;A;F;0;0;1;0;1;1;0;N;N;N;N;N;N;N;N;N;N;N;0;;-1;-1;-1;-1;-1;-1;-1;0;0;072HL05T02_001W1;0;;0;;0;0;0;0;0
2496;072HL05T02_001W2;Xsc ZU-Temperatur LK Klimaanlage 2_[°C];19bc16d;C;;N;;;;;PLC;3;001:7216_214_AI;N;;;;;;;;A;F;0;0;1;0;1;1;0;N;N;N;N;N;N;N;N;N;N;N;0;;-1;-1;-1;-1;-1;-1;-1;0;0;072HL05T02_001W2;0;;0;;0;0;0;0;0
2497;072HL05T02_001W3;XS Min. ZU-Temperatur LK Klimaanlage 2_[°C];19bc16d;C;;N;;;;;PLC;3;001:7216_91_AO;N;;;;;;;;A;F;0;0;1;0;1;10;25;N;N;N;N;N;N;N;N;N;N;N;0;;-1;-1;-1;-1;-1;-1;-1;0;0;072HL05T02_001W3;0;;0;;0;0;0;0;0
2498;072HL05T02_001W4;XS Max. ZU-Temperatur LK Klimaanlage 2_[°C];19bc16d;C;;N;;;;;PLC;3;001:7216_90_AO;N;;;;;;;;A;F;0;0;1;0;1;10;30;N;N;N;N;N;N;N;N;N;N;N;0;;-1;-1;-1;-1;-1;-1;-1;0;0;072HL05T02_001W4;0;;0;;0;0;0;0;0
2499;072HL05T02_001W5;XS Y1 ZU-Temperatur LK Klimaanlage 2_[°C];19bc16d;C;;N;;;;;PLC;3;001:7216_85_AO;N;;;;;;;;A;F;0;0;1;0;1;1;0;N;N;N;N;N;N;N;N;N;N;N;0;;-1;-1;-1;-1;-1;-1;-1;0;0;072HL05T02_001W5;0;;0;;0;0;0;0;0
2500;072HL05T02_001W6;XS Y2 ZU-Temperatur LK Klimaanlage 2_[°C];19bc16d;C;;N;;;;;PLC;3;001:7216_86_AO;N;;;;;;;;A;F;0;0;1;0;1;1;0;N;N;N;N;N;N;N;N;N;N;N;0;;-1;-1;-1;-1;-1;-1;-1;0;0;072HL05T02_001W6;0;;0;;0;0;0;0;0
2501;072HL05T02_001W7;XS X1 ZU-Temperatur LK Klimaanlage 2_[°C];19bc16d;C;;N;;;;;PLC;3;001:7216_87_AO;N;;;;;;;;A;F;0;0;1;0;1;1;0;N;N;N;N;N;N;N;N;N;N;N;0;;-1;-1;-1;-1;-1;-1;-1;0;0;072HL05T02_001W7;0;;0;;0;0;0;0;0
2502;072HL05T02_001W8;XS X2 ZU-Temperatur LK Klimaanlage 2_[°C];19bc16d;C;;N;;;;;PLC;3;001:7216_88_AO;N;;;;;;;;A;F;0;0;1;0;1;1;0;N;N;N;N;N;N;N;N;N;N;N;0;;-1;-1;-1;-1;-1;-1;-1;0;0;072HL05T02_001W8;0;;0;;0;0;0;0;0
2503;072HL05T04_001M1;Frostalarm ab HL01 Klimaanlage 2;19bc16d;C;;N;;;;;PLC;3;001:7216_82_BN_31;N;;;;;;;;D; ;0;;;;;;;N;N;N;N;N;N;N;N;N;N;N;0;;-1;-1;-1;-1;-1;-1;-1;0;0;072HL05T04_001M1;0;;0;;0;0;0;0;0
2504;072HL05U01_001D1;FU ZU-Ventilator Klimaanlage 2;19bc16d;C;;N;;;;;PLC;3;001:7216_112_BI_31;N;;;;;;;;D; ;0;;;;;;;N;N;N;N;N;N;N;N;N;N;N;0;;-1;-1;-1;-1;-1;-1;-1;0;0;072HL05U01_001D1;0;;0;;0;0;0;0;0
2505;072HL05U01_001D1_ADD;FU ZU-Ventilator Klimaanlage 2_[Std.];19bc16d;C;;N;;;;;PLC;3;001:7216_112_HR;N;;;;;;;;A;F;0;0;1;0;1;1;0;N;N;N;N;N;N;N;N;N;N;N;0;;-1;-1;-1;-1;-1;-1;-1;0;0;072HL05U01_001D1_ADD;0;;0;;0;0;0;0;0
2506;072HL05U01_001D2;FU Stoerung ZU-Ventilator Klimaanlage 2;19bc16d;C;;N;;;;;PLC;3;001:7216_113_BN_31;N;;;;;;;;D; ;0;;;;;;;N;N;N;N;N;N;N;N;N;N;N;0;;-1;-1;-1;-1;-1;-1;-1;0;0;072HL05U01_001D2;0;;0;;0;0;0;0;0
2507;072HL05U01_001D3;FU ZU-Ventilator Stellung Aut Klimaanlage 2;19bc16d;C;;N;;;;;PLC;3;001:7216_114_BI_31;N;;;;;;;;D; ;0;;;;;;;N;N;N;N;N;N;N;N;N;N;N;0;;-1;-1;-1;-1;-1;-1;-1;0;0;072HL05U01_001D3;0;;0;;0;0;0;0;0
2508;072HL05U01_001D4;FU ZU-Ventilator Betriebsbereit Klimaanlage 2;19bc16d;C;;N;;;;;PLC;3;001:7216_115_BN_31;N;;;;;;;;D; ;0;;;;;;;N;N;N;N;N;N;N;N;N;N;N;0;;-1;-1;-1;-1;-1;-1;-1;0;0;072HL05U01_001D4;0;;0;;0;0;0;0;0
2509;072HL05U01_001S1;FU ZU-Ventilator Klimaanlage 2;19bc16d;C;;N;;;;;PLC;3;001:7216_35_DO;N;;;;;;;;A;U;0;0;1;0;1;1;0;N;N;N;N;N;N;N;N;N;N;N;0;;-1;-1;-1;-1;-1;-1;-1;0;0;072HL05U01_001S1;0;;0;;0;0;0;0;0
2512;072HL05V01_001D1;AU-Klappen Offen Klimaanlage 2;19bc16d;C;;N;;;;;PLC;3;001:7216_107_BI_31;N;;;;;;;;D; ;0;;;;;;;N;N;N;N;N;N;N;N;N;N;N;0;;-1;-1;-1;-1;-1;-1;-1;0;0;072HL05V01_001D1;0;;0;;0;0;0;0;0
2513;072HL05V01_001H1;AU-Klappen Fehlstellung Klimaanlage 2;19bc16d;C;;N;;;;;PLC;3;001:7216_194_BN_31;N;;;;;;;;D; ;0;;;;;;;N;N;N;N;N;N;N;N;N;N;N;0;;-1;-1;-1;-1;-1;-1;-1;0;0;072HL05V01_001H1;0;;0;;0;0;0;0;0
2514;072HL05V01_001S1;AU-Klappen Klimaanlage 2;19bc16d;C;;N;;;;;PLC;3;001:7216_32_DO;N;;;;;;;;A;U;0;0;1;0;1;1;0;N;N;N;N;N;N;N;N;N;N;N;0;;-1;-1;-1;-1;-1;-1;-1;0;0;072HL05V01_001S1;0;;0;;0;0;0;0;0
2515;072HL05V02_001D1;ZU-Klappe KL-Kanal Offen Klimaanlage 2;19bc16d;C;;N;;;;;PLC;3;001:7216_108_BI_31;N;;;;;;;;D; ;0;;;;;;;N;N;N;N;N;N;N;N;N;N;N;0;;-1;-1;-1;-1;-1;-1;-1;0;0;072HL05V02_001D1;0;;0;;0;0;0;0;0
2516;072HL05V02_001D2;ZU-Klappe KL-Kanal Geschlossen Klimaanlage 2;19bc16d;C;;N;;;;;PLC;3;001:7216_109_BI_31;N;;;;;;;;D; ;0;;;;;;;N;N;N;N;N;N;N;N;N;N;N;0;;-1;-1;-1;-1;-1;-1;-1;0;0;072HL05V02_001D2;0;;0;;0;0;0;0;0
2517;072HL05V02_001H1;ZU-Klappe KL-Kanal Fehlstellung Klimaanlage 2;19bc16d;C;;N;;;;;PLC;3;001:7216_83_BN_31;N;;;;;;;;D; ;0;;;;;;;N;N;N;N;N;N;N;N;N;N;N;0;;-1;-1;-1;-1;-1;-1;-1;0;0;072HL05V02_001H1;0;;0;;0;0;0;0;0
2518;072HL05V02_001S1;ZU-Klappe KL-Kanal Klimaanlage 2;19bc16d;C;;N;;;;;PLC;3;001:7216_33_DO;N;;;;;;;;A;U;0;0;1;0;1;1;0;N;N;N;N;N;N;N;N;N;N;N;0;;-1;-1;-1;-1;-1;-1;-1;0;0;072HL05V02_001S1;0;;0;;0;0;0;0;0
2519;072HL05V03_001D1;ZU-Klappe WL-Kanal Offen Klimaanlage 2;19bc16d;C;;N;;;;;PLC;3;001:7216_110_BI_31;N;;;;;;;;D; ;0;;;;;;;N;N;N;N;N;N;N;N;N;N;N;0;;-1;-1;-1;-1;-1;-1;-1;0;0;072HL05V03_001D1;0;;0;;0;0;0;0;0
2520;072HL05V03_001D2;ZU-Klappe WL-Kanal Geschlossen Klimaanlage 2;19bc16d;C;;N;;;;;PLC;3;001:7216_111_BI_31;N;;;;;;;;D; ;0;;;;;;;N;N;N;N;N;N;N;N;N;N;N;0;;-1;-1;-1;-1;-1;-1;-1;0;0;072HL05V03_001D2;0;;0;;0;0;0;0;0
2521;072HL05V03_001H1;ZU-Klappe WL-Kanal Fehlstellung Klimaanlage 2;19bc16d;C;;N;;;;;PLC;3;001:7216_84_BN_31;N;;;;;;;;D; ;0;;;;;;;N;N;N;N;N;N;N;N;N;N;N;0;;-1;-1;-1;-1;-1;-1;-1;0;0;072HL05V03_001H1;0;;0;;0;0;0;0;0
2522;072HL05V03_001S1;ZU-Klappe WL-Kanal Klimaanlage 2;19bc16d;C;;N;;;;;PLC;3;001:7216_34_DO;N;;;;;;;;A;U;0;0;1;0;1;1;0;N;N;N;N;N;N;N;N;N;N;N;0;;-1;-1;-1;-1;-1;-1;-1;0;0;072HL05V03_001S1;0;;0;;0;0;0;0;0
2523;072HL05V10_001Y1;Befeuchter-Ventil Klimaanlage 2_[%];19bc16d;C;;N;;;;;PLC;3;001:7216_22_AI;N;;;;;;;;A;F;0;0;1;0;1;1;0;N;N;N;N;N;N;N;N;N;N;N;0;;-1;-1;-1;-1;-1;-1;-1;0;0;072HL05V10_001Y1;0;;0;;0;0;0;0;0
2525;072HL05V20_001Y1;NE-Ventil Klimaanlage 2_[%];19bc16d;C;;N;;;;;PLC;3;001:7216_24_AI;N;;;;;;;;A;F;0;0;1;0;1;1;0;N;N;N;N;N;N;N;N;N;N;N;0;;-1;-1;-1;-1;-1;-1;-1;0;0;072HL05V20_001Y1;0;;0;;0;0;0;0;0
2526;072HL05V21_001Y1;LK-Ventil 1 Klimaanlage 2_[%];19bc16d;C;;N;;;;;PLC;3;001:7216_25_AI;N;;;;;;;;A;F;0;0;1;0;1;1;0;N;N;N;N;N;N;N;N;N;N;N;0;;-1;-1;-1;-1;-1;-1;-1;0;0;072HL05V21_001Y1;0;;0;;0;0;0;0;0
2527;072HL05V21_002Y1;LK-Ventil 2 Klimaanlage 2_[%];19bc16d;C;;N;;;;;PLC;3;001:7216_26_AI;N;;;;;;;;A;F;0;0;1;0;1;1;0;N;N;N;N;N;N;N;N;N;N;N;0;;-1;-1;-1;-1;-1;-1;-1;0;0;072HL05V21_002Y1;0;;0;;0;0;0;0;0
2528;072SS04A01_001S1;Sammelalarm SGK Klimaanlage 2;19bc16d;C;;N;;;;;PLC;3;001:7216_44_DO;N;;;;;;;;A;U;0;0;1;0;1;1;0;N;N;N;N;N;N;N;N;N;N;N;0;;-1;-1;-1;-1;-1;-1;-1;0;0;072SS04A01_001S1;0;;0;;0;0;0;0;0
2529;072SS04A01_002H2;Softquittierung SGK Klimaanlage 2;19bc16d;C;;N;;;;;PLC;3;001:7216_73_DO;N;;;;;;;;A;U;0;0;1;0;1;1;0;N;N;N;N;N;N;N;N;N;N;N;0;;-1;-1;-1;-1;-1;-1;-1;0;0;072SS04A01_002H2;0;;0;;0;0;0;0;0
2530;072SS04A01_006A1;Fuehlerueberwachung Kurzschluss SGK Klimaanlage 2;19bc16d;C;;N;;;;;PLC;3;001:7216_64_BN_31;N;;;;;;;;D; ;0;;;;;;;N;N;N;N;N;N;N;N;N;N;N;0;;-1;-1;-1;-1;-1;-1;-1;0;0;072SS04A01_006A1;0;;0;;0;0;0;0;0
2531;072SS04A01_006A2;Fuehlerueberwachung Unterbruch SGK Klimaanlage 2;19bc16d;C;;N;;;;;PLC;3;001:7216_65_BN_31;N;;;;;;;;D; ;0;;;;;;;N;N;N;N;N;N;N;N;N;N;N;0;;-1;-1;-1;-1;-1;-1;-1;0;0;072SS04A01_006A2;0;;0;;0;0;0;0;0
2532;072SS04A01_016H1;AS7215 Lokalmeldung ZU-Anlage 1;19bc16d;C;;N;;;;;PLC;3;001:7216_102_BI_31;N;;;;;;;;D; ;0;;;;;;;N;N;N;N;N;N;N;N;N;N;N;0;;-1;-1;-1;-1;-1;-1;-1;0;0;072SS04A01_016H1;0;;0;;0;0;0;0;0
2533;072SS04A02_001H1;Hand-Not AS7215 Klimaanlage 2;19bc16d;C;;N;;;;;PLC;3;001:7216_71_BI_31;N;;;;;;;;D; ;0;;;;;;;N;N;N;N;N;N;N;N;N;N;N;0;;-1;-1;-1;-1;-1;-1;-1;0;0;072SS04A02_001H1;0;;0;;0;0;0;0;0
2534;072SS04A02_001S1;Hand-Not SGK Klimaanlage 2;19bc16d;C;;N;;;;;PLC;3;001:7216_45_DO;N;;;;;;;;A;U;0;0;1;0;1;1;0;N;N;N;N;N;N;N;N;N;N;N;0;;-1;-1;-1;-1;-1;-1;-1;0;0;072SS04A02_001S1;0;;0;;0;0;0;0;0
2535;072SS04A03_001S1;Alarm A.Z. Haustchnk SGK Klimaanlage 2;19bc16d;C;;N;;;;;PLC;3;001:7216_46_DO;N;;;;;;;;A;U;0;0;1;0;1;1;0;N;N;N;N;N;N;N;N;N;N;N;0;;-1;-1;-1;-1;-1;-1;-1;0;0;072SS04A03_001S1;0;;0;;0;0;0;0;0
2536;072SS04A04_001H1;Softquittierung Not Brand SGK Klimaanlage 2;19bc16d;C;;N;;;;;PLC;3;001:7216_77_DO;N;;;;;;;;A;U;0;0;1;0;1;1;0;N;N;N;N;N;N;N;N;N;N;N;0;;-1;-1;-1;-1;-1;-1;-1;0;0;072SS04A04_001H1;0;;0;;0;0;0;0;0
2537;072SS04A04_001S1;Softquittierung Brand SGK Klimaanlage 2;19bc16d;C;;N;;;;;PLC;3;001:7216_47_DO;N;;;;;;;;A;U;0;0;1;0;1;1;0;N;N;N;N;N;N;N;N;N;N;N;0;;-1;-1;-1;-1;-1;-1;-1;0;0;072SS04A04_001S1;0;;0;;0;0;0;0;0
2538;072SS04A10_001D1;Spannung Einspeisung Ausfall SGK Klimaanlage 2;19bc16d;C;;N;;;;;PLC;3;001:7216_133_BN_31;N;;;;;;;;D; ;0;;;;;;;N;N;N;N;N;N;N;N;N;N;N;0;;-1;-1;-1;-1;-1;-1;-1;0;0;072SS04A10_001D1;0;;0;;0;0;0;0;0
2539;072SS04A10_002D1;Spannung Allgemein Ausfall SGK Klimaanlage 2;19bc16d;C;;N;;;;;PLC;3;001:7216_134_BN_31;N;;;;;;;;D; ;0;;;;;;;N;N;N;N;N;N;N;N;N;N;N;0;;-1;-1;-1;-1;-1;-1;-1;0;0;072SS04A10_002D1;0;;0;;0;0;0;0;0
2541;072HL05U02_001Y2;FU ZU-Ventilator Klimaanlage 2_[%];19bc16d;C;;N;;;;;PLC;3;001:7216_21_NDA;I;10000;;;;;;;A;U;0;0;1;0;1;1;0;N;N;N;N;N;N;N;N;N;N;N;0;;-1;-1;-1;-1;-1;-1;-1;0;0;072HL05U02_001Y2;0;;0;;0;0;0;0;0
2542;072HL05V10_001Y2;Befeuchter-Ventil Klimaanlage 2_[%];19bc16d;C;;N;;;;;PLC;3;001:7216_22_NDA;I;10000;;;;;;;A;U;0;0;1;0;1;1;0;N;N;N;N;N;N;N;N;N;N;N;0;;-1;-1;-1;-1;-1;-1;-1;0;0;072HL05V10_001Y2;0;;0;;0;0;0;0;0
2544;072HL05V20_001Y2;NE-Ventil Klimaanlage 2_[%];19bc16d;C;;N;;;;;PLC;3;001:7216_24_NDA;I;10000;;;;;;;A;U;0;0;1;0;1;1;0;N;N;N;N;N;N;N;N;N;N;N;0;;-1;-1;-1;-1;-1;-1;-1;0;0;072HL05V20_001Y2;0;;0;;0;0;0;0;0
2545;072HL05V21_001Y2;LK-Ventil 1 Klimaanlage 2_[%];19bc16d;C;;N;;;;;PLC;3;001:7216_25_NDA;I;10000;;;;;;;A;U;0;0;1;0;1;1;0;N;N;N;N;N;N;N;N;N;N;N;0;;-1;-1;-1;-1;-1;-1;-1;0;0;072HL05V21_001Y2;0;;0;;0;0;0;0;0
2546;072HL05V21_002Y2;LK-Ventil 2 Klimaanlage 2_[%];19bc16d;C;;N;;;;;PLC;3;001:7216_26_NDA;I;10000;;;;;;;A;U;0;0;1;0;1;1;0;N;N;N;N;N;N;N;N;N;N;N;0;;-1;-1;-1;-1;-1;-1;-1;0;0;072HL05V21_002Y2;0;;0;;0;0;0;0;0
2716;072HL01V02_001M1;Befeuchter Absperrklappe RM ZU-Anlage 1_[%];19bc16d;C;;N;;;;;PLC;3;001:7210_15_AI;N;;;;;;;;A;F;0;0;100;0;99.5;1;0;N;N;N;N;N;N;N;N;N;N;N;0;;-1;-1;-1;-1;-1;-1;-1;0;0;072HL01V02_001M1;0;;0;;0;0;0;0;0
2717;072HL04V10_002M1;Befeuchter Absperrklappe RM Klimaanlage 1_[%];19bc16d;C;;N;;;;;PLC;3;001:7215_18_AI;N;;;;;;;;A;F;0;0;100;0;99.5;1;0;N;N;N;N;N;N;N;N;N;N;N;0;;-1;-1;-1;-1;-1;-1;-1;0;0;072HL04V10_002M1;0;;0;;0;0;0;0;0
2718;072HL05V10_002M1;Befeuchter Absperrklappe RM Klimaanlage 2_[%];19bc16d;C;;N;;;;;PLC;3;001:7216_18_AI;N;;;;;;;;A;F;0;0;100;0;99.5;1;0;N;N;N;N;N;N;N;N;N;N;N;0;;-1;-1;-1;-1;-1;-1;-1;0;0;072HL05V10_002M1;0;;0;;0;0;0;0;0
3863;072SS03A10_003H1;AS 7215 Ausfall Klimaanlage 1;19bc16d;C;;N;;;;;PLC;3;001:7201_164_BN_31;N;;;;;;;;D; ;0;;;;;;;N;N;N;N;N;N;N;N;N;N;N;0;;-1;-1;-1;-1;-1;-1;-1;0;0;072SS03A10_003H1;0;;0;;0;0;0;0;0
3864;072SS04A10_003H1;AS 7216 Ausfall Klimaanlage 2;19bc16d;C;;N;;;;;PLC;3;001:7201_166_BN_31;N;;;;;;;;D; ;0;;;;;;;N;N;N;N;N;N;N;N;N;N;N;0;;-1;-1;-1;-1;-1;-1;-1;0;0;072SS04A10_003H1;0;;0;;0;0;0;0;0
3865;072SS02A01_020H1;AS 7210 Ausfall ZU-Anlage 1;19bc16d;C;;N;;;;;PLC;3;001:7201_93_BN_31;N;;;;;;;;D; ;0;;;;;;;N;N;N;N;N;N;N;N;N;N;N;0;;-1;-1;-1;-1;-1;-1;-1;0;0;072SS02A01_020H1;0;;0;;0;0;0;0;0
3866;072HL01V02_001S1;Befeuchter Absperrklappe DO ZU-Anlage 1;19bc16d;C;;N;;;;;PLC;3;001:7210_43_DO;N;;;;;;;;A;U;0;0;1;0;1;1;0;N;N;N;N;N;N;N;N;N;N;N;0;;-1;-1;-1;-1;-1;-1;-1;0;0;072HL01V02_001S1;0;;0;;0;0;0;0;0
3867;072HL01T01_001W2;Xsc ZU-Temperatur NE ZU-Anlage 1_[°C];19bc16d;C;;N;;;;;PLC;3;001:7210_67_AI;N;;;;;;;;A;F;0;0;1;0;1;1;0;N;N;N;N;N;N;N;N;N;N;N;0;;-1;-1;-1;-1;-1;-1;-1;0;0;072HL01T01_001W2;0;;0;;0;0;0;0;0
3868;072HL04V10_002S1;Befeuchter Absperrklappe DO Klimaanlage 1;19bc16d;C;;N;;;;;PLC;3;001:7215_42_DO;N;;;;;;;;A;U;0;0;1;0;1;1;0;N;N;N;N;N;N;N;N;N;N;N;0;;-1;-1;-1;-1;-1;-1;-1;0;0;072HL04V10_002S1;0;;0;;0;0;0;0;0
3869;072HL05V10_002S1;Befeuchter Absperrklappe DO Klimaanlage 2;19bc16d;C;;N;;;;;PLC;3;001:7216_42_DO;N;;;;;;;;A;U;0;0;1;0;1;1;0;N;N;N;N;N;N;N;N;N;N;N;0;;-1;-1;-1;-1;-1;-1;-1;0;0;072HL05V10_002S1;0;;0;;0;0;0;0;0
4480;072HL01T01_001W5;XS ZU-Temperatur NE ZU-Anlage 1 Geloescht;19bc16d;C;;N;;;;;PLC;3;001:7210_208_AO;N;;;;;;;;A;F;0;0;1;0;1;1;0;N;N;N;N;N;N;N;N;N;N;N;0;;-1;-1;-1;-1;-1;-1;-1;0;0;072HL01T01_001W5;0;;0;;0;0;0;0;0
4481;072HL05P03_001W1;XS Zuluftdruck Klimaanlage 2 Geloescht;19bc16d;C;;N;;;;;PLC;3;001:7216_92_AO;N;;;;;;;;A;F;0;0;1;0;1;0;1000;N;N;N;N;N;N;N;N;N;N;N;0;;-1;-1;-1;-1;-1;-1;-1;0;0;072HL05P03_001W1;0;;0;;0;0;0;0;0
4482;072HL05P05_001W1;Xs ZU-Druck Max. Klimaanlage 2 Geloescht;19bc16d;C;;N;;;;;PLC;3;001:7216_94_AO;N;;;;;;;;A;F;0;0;1;0;1;1;0;N;N;N;N;N;N;N;N;N;N;N;0;;-1;-1;-1;-1;-1;-1;-1;0;0;072HL05P05_001W1;0;;0;;0;0;0;0;0
4483;072HL05P06_001W1;Xs ZU-Druck Max. Klimaanlage 2 Geloescht;19bc16d;C;;N;;;;;PLC;3;001:7216_95_AO;N;;;;;;;;A;F;0;0;1;0;1;1;0;N;N;N;N;N;N;N;N;N;N;N;0;;-1;-1;-1;-1;-1;-1;-1;0;0;072HL05P06_001W1;0;;0;;0;0;0;0;0
5289;072HL18M01_001D2;Betrieb Stuetzventilator;19bc16d;C;;N;;;;;PLC;3;001:7210_126_BI_31;N;;;;;;;;D; ;0;;;;;;;N;N;N;N;N;N;N;N;N;N;N;0;;-1;-1;-1;-1;-1;-1;-1;0;0;072HL18M01_001D2;0;;0;;0;0;0;0;0
5290;072HL18M01_001D1;Stoerung Stuetzventilator;19bc16d;C;;N;;;;;PLC;3;001:7210_125_BI_31;N;;;;;;;;D; ;0;;;;;;;N;N;N;N;N;N;N;N;N;N;N;0;;-1;-1;-1;-1;-1;-1;-1;0;0;072HL18M01_001D1;0;;0;;0;0;0;0;0
5291;072HL18E01_001D3;Revisionsschalter Stuetzventilator;19bc16d;C;;N;;;;;PLC;3;001:7210_85_BI_31;N;;;;;;;;D; ;0;;;;;;;N;N;N;N;N;N;N;N;N;N;N;0;;-1;-1;-1;-1;-1;-1;-1;0;0;072HL18E01_001D3;0;;0;;0;0;0;0;0
5292;072HL18M01_001H1;Softschalter Stuetzventilator;19bc16d;C;;N;;;;;PLC;3;001:7210_86_DO;N;;;;;;;;A;U;0;0;1;0;1;1;0;N;N;N;N;N;N;N;N;N;N;N;0;;-1;-1;-1;-1;-1;-1;-1;0;0;072HL18M01_001H1;0;;0;;0;0;0;0;0
